ab0c1f,2025-04-02 10:32:05,OPEN,,
446275,2025-04-02 10:42:58,QUIT,,
4d6c96,2025-04-02 10:43:03,OPEN,,
0fdbed,2025-04-02 10:43:05,QUIT,,
fe33cd,2025-04-02 11:07:58,OPEN,,
72709e,2025-04-02 11:09:57,QUIT,,
f9bff2,2025-04-02 11:09:59,OPEN,,
85eca0,2025-04-02 11:10:43,QUIT,,
90842c,2025-04-02 11:11:12,OPEN,,
883f3f,2025-04-02 11:12:49,QUIT,,
21e574,2025-04-02 11:13:01,OPEN,,
7de6a2,2025-04-02 11:13:12,QUIT,,
2fb30d,2025-04-02 11:14:21,OPEN,,
e434a6,2025-04-02 11:14:41,QUIT,,
a38b80,2025-04-02 11:21:14,OPEN,,
f0d110,2025-04-02 11:21:34,DOWN,pintando,
3ff58b,2025-04-02 11:22:06,PICK,pintando,
112c33,2025-04-02 11:25:55,FREE,pintando,
776559,2025-04-02 11:26:41,BACK,pintando,
09b939,2025-04-02 11:26:44,PICK,pintando,
1a77fb,2025-04-02 11:28:31,FREE,pintando,
5d2fe5,2025-04-02 11:28:55,BACK,pintando,
3966d8,2025-04-02 11:40:28,QUIT,,
4cc625,2025-04-02 11:40:31,OPEN,,
d3860f,2025-04-02 11:40:33,PICK,pintando,
a7f5b3,2025-04-02 11:41:26,BACK,pintando,
dac15f,2025-04-02 11:41:34,QUIT,,
9ff964,2025-04-02 18:20:14,OPEN,,
976320,2025-04-02 18:20:21,PICK,pintando,
3ce3aa,2025-04-02 18:20:40,TEST,pintando,0
4a9b48,2025-04-02 18:20:42,TEST,pintando,0
477846,2025-04-02 18:27:17,TEST,pintando,0
41eb0b,2025-04-02 18:28:09,TEST,pintando,0
cc2471,2025-04-02 18:28:34,TEST,pintando,0
b024f9,2025-04-02 18:50:19,TEST,pintando,0
094163,2025-04-02 18:50:30,TEST,pintando,50
feb5e2,2025-04-02 18:51:52,TEST,pintando,0
9fa43a,2025-04-02 18:52:05,FREE,pintando,
5bd63a,2025-04-02 19:06:30,TEST,pintando,100
51ba5a,2025-04-02 19:06:49,TEST,pintando,100
53fcb0,2025-04-02 19:06:53,BACK,pintando,
ac97c5,2025-04-02 19:07:13,PICK,pintando,
42f1de,2025-04-02 19:07:21,TEST,pintando,100
8fa04b,2025-04-02 19:07:44,TEST,pintando,100
fa95b6,2025-04-02 19:07:59,FREE,pintando,
fcea6e,2025-04-02 19:08:13,TEST,pintando,100
cbeeea,2025-04-02 19:08:16,TEST,pintando,100
a9976f,2025-04-02 19:08:16,TEST,pintando,100
bda0c7,2025-04-02 19:08:17,TEST,pintando,100
73c952,2025-04-02 19:08:18,TEST,pintando,100
a6039f,2025-04-02 19:08:18,TEST,pintando,100
de1389,2025-04-02 19:08:19,TEST,pintando,100
096779,2025-04-02 19:08:19,TEST,pintando,100
c888b3,2025-04-02 19:08:20,TEST,pintando,100
856186,2025-04-02 19:08:20,TEST,pintando,100
27c327,2025-04-02 19:08:21,TEST,pintando,100
3c850a,2025-04-02 19:08:21,TEST,pintando,100
de6476,2025-04-02 19:08:22,TEST,pintando,100
fe1963,2025-04-02 19:08:22,TEST,pintando,100
9d3680,2025-04-02 19:08:23,TEST,pintando,100
7f31b7,2025-04-02 19:08:23,TEST,pintando,100
ce9ac4,2025-04-02 19:08:24,TEST,pintando,100
aaffca,2025-04-02 19:08:24,TEST,pintando,100
1affca,2025-04-02 19:08:25,TEST,pintando,100
b515fd,2025-04-02 19:08:25,TEST,pintando,100
8a1c65,2025-04-02 19:08:26,TEST,pintando,100
2955f9,2025-04-02 19:08:26,TEST,pintando,100
a9e9d1,2025-04-02 19:08:27,TEST,pintando,100
4a8881,2025-04-02 19:08:27,TEST,pintando,100
b7d21c,2025-04-02 19:08:28,TEST,pintando,100
e59b80,2025-04-02 19:08:28,TEST,pintando,100
530800,2025-04-02 19:08:29,TEST,pintando,100
f2715e,2025-04-02 19:08:29,TEST,pintando,100
575006,2025-04-02 19:08:30,TEST,pintando,100
c5fa3e,2025-04-02 19:08:30,TEST,pintando,100
38db48,2025-04-02 19:08:30,BACK,pintando,
fd2a23,2025-04-02 19:08:30,QUIT,,
7a12b6,2025-04-02 19:08:52,OPEN,,
95206b,2025-04-02 19:09:19,SELF,pintando,"{c:100,a:0,s:0}"
08a029,2025-04-02 19:10:53,OPEN,,
37a965,2025-04-02 19:11:17,PICK,pintando,
9184a1,2025-04-02 19:11:25,BACK,pintando,
12c4cb,2025-04-02 19:11:51,PICK,pintando,
9107d7,2025-04-02 19:11:54,TEST,pintando,100
efe129,2025-04-02 19:11:55,TEST,pintando,100
5f00e2,2025-04-02 19:11:55,TEST,pintando,100
641103,2025-04-02 19:11:57,BACK,pintando,
6284a2,2025-04-02 19:12:48,SELF,pintando,"{c:100,a:0,s:0}"
6471d9,2025-04-02 19:13:25,SELF,pintando,"{c:90,a:2,s:0}"
98b1a9,2025-04-02 19:14:12,SELF,pintando,"{c:100,a:4,s:5}"
a4d8b7,2025-04-02 19:14:17,DOWN,mumia,
84ef61,2025-04-02 19:14:33,QUIT,,
6ffae0,2025-04-02 20:24:30,OPEN,,
5dc946,2025-04-02 20:24:50,PICK,mumia,
7f2d44,2025-04-02 20:24:56,TEST,mumia,0
9411f1,2025-04-02 20:39:03,TEST,mumia,0
e57d36,2025-04-02 20:39:14,FREE,mumia,
208331,2025-04-02 20:39:52,TEST,mumia,50
0c47e5,2025-04-02 20:40:08,TEST,mumia,100
2682b9,2025-04-02 20:40:20,TEST,mumia,100
b7f408,2025-04-02 20:40:25,BACK,mumia,
4ae1f0,2025-04-02 20:40:42,SELF,mumia,"{c:100,a:5,s:5}"
e7f231,2025-04-02 20:40:50,DOWN,fuga,
f254c1,2025-04-02 20:42:56,PICK,fuga,
002109,2025-04-02 20:43:04,TEST,fuga,0
6e064b,2025-04-02 20:43:14,TEST,fuga,0
03ab98,2025-04-02 20:43:16,BACK,fuga,
a96c0c,2025-04-02 20:43:18,QUIT,,
904814,2025-04-03 08:37:22,OPEN,,
ac733a,2025-04-03 08:38:29,PICK,fuga,
4c8b10,2025-04-03 08:38:31,BACK,fuga,
05a5b6,2025-04-03 08:38:35,PICK,fuga,
f528cc,2025-04-03 09:26:39,OPEN,,
c33d5f,2025-04-03 09:27:27,OPEN,,
c0f0d8,2025-04-03 09:28:07,QUIT,,
33db41,2025-04-03 09:53:54,OPEN,,
e2e950,2025-04-03 09:54:04,PICK,fuga,
f37baf,2025-04-03 09:54:24,OPEN,,
e11f05,2025-04-03 09:54:29,PICK,fuga,
479ade,2025-04-03 09:54:30,BACK,fuga,
e190af,2025-04-03 09:54:31,QUIT,,
0aebef,2025-04-03 10:29:12,TEST,fuga,0
1cad0d,2025-04-03 10:30:16,FREE,fuga,
19148e,2025-04-03 10:37:08,BACK,fuga,
faa3fc,2025-04-03 10:37:11,QUIT,,
758b82,2025-04-04 09:38:37,OPEN,,
83882e,2025-04-04 09:38:39,PICK,fuga,
57db74,2025-04-04 09:38:42,TEST,fuga,0
c60e5a,2025-04-04 09:44:17,TEST,fuga,0
5bd8b8,2025-04-04 09:44:27,FREE,fuga,
e810ba,2025-04-04 09:49:05,OPEN,,
c32d5b,2025-04-04 09:49:07,PICK,fuga,
164211,2025-04-04 09:49:11,TEST,fuga,0
7b54f1,2025-04-04 09:54:48,OPEN,,
68bb87,2025-04-04 09:54:54,PICK,fuga,
73f9e9,2025-04-04 09:56:22,OPEN,,
3c4ea5,2025-04-04 09:56:24,PICK,fuga,
22ecde,2025-04-04 09:56:35,TEST,fuga,0
e2b194,2025-04-04 09:56:37,TEST,fuga,0
637ae0,2025-04-04 10:55:38,OPEN,,
cb3261,2025-04-04 10:55:40,PICK,fuga,
d48414,2025-04-04 10:57:20,TEST,fuga,0
0ef7b9,2025-04-04 10:57:23,OPEN,,
47fe96,2025-04-04 10:57:24,PICK,fuga,
5af8fa,2025-04-04 10:57:33,TEST,fuga,0
f4cb6b,2025-04-04 10:57:37,OPEN,,
b6a407,2025-04-04 10:57:39,PICK,fuga,
c6ec53,2025-04-04 11:02:50,TEST,fuga,0
63124b,2025-04-04 11:02:57,OPEN,,
0c8235,2025-04-04 11:02:58,PICK,fuga,
05ce9f,2025-04-04 11:03:01,FREE,fuga,
90e4a0,2025-04-04 11:04:52,FREE,fuga,
f40cc4,2025-04-04 11:06:38,OPEN,,
315e68,2025-04-04 11:06:39,PICK,fuga,
7858bc,2025-04-04 11:06:54,OPEN,,
7b46e5,2025-04-04 11:06:55,PICK,fuga,
2e9498,2025-04-04 11:11:06,OPEN,,
884d82,2025-04-04 11:11:08,PICK,fuga,
194996,2025-04-04 11:12:11,TEST,fuga,0
47ebce,2025-04-04 11:12:14,TEST,fuga,0
6048c3,2025-04-04 11:12:40,OPEN,,
ea9aff,2025-04-04 11:13:01,PICK,fuga,
7435a8,2025-04-04 11:13:10,OPEN,,
a0c006,2025-04-04 11:13:11,PICK,fuga,
34f720,2025-04-04 11:13:32,OPEN,,
99ca73,2025-04-04 11:13:34,PICK,fuga,
40d6e7,2025-04-04 11:16:54,TEST,fuga,0
022a7b,2025-04-04 11:16:58,TEST,fuga,0
ed7da4,2025-04-04 11:17:34,TEST,fuga,0
1b0637,2025-04-04 11:17:36,FREE,fuga,
4d1fc3,2025-04-04 11:21:44,TEST,fuga,0
9f32fc,2025-04-04 11:22:04,TEST,fuga,0
fdac4d,2025-04-04 11:24:23,TEST,fuga,0
18a0c9,2025-04-04 11:26:26,BACK,fuga,
c36dd4,2025-04-04 11:26:30,DOWN,pedra,
d5675b,2025-04-04 11:26:32,PICK,pedra,
a03236,2025-04-04 11:42:19,BACK,pedra,
e3484b,2025-04-04 11:42:21,QUIT,,
ffaadd,2025-04-05 20:10:19,OPEN,,
bdc4ab,2025-04-05 20:10:24,PICK,fuga,
bd4619,2025-04-05 20:10:30,TEST,fuga,0
17cf92,2025-04-05 20:10:37,TEST,fuga,0
791ef0,2025-04-05 20:12:01,TEST,fuga,0
fd7130,2025-04-05 20:12:03,TEST,fuga,0
37653d,2025-04-05 20:12:05,TEST,fuga,0
23a087,2025-04-05 20:12:10,FREE,fuga,
0019ea,2025-04-05 20:14:41,TEST,fuga,0
6c3f48,2025-04-05 20:16:21,TEST,fuga,0
b649b0,2025-04-05 20:16:53,TEST,fuga,25
aa051b,2025-04-05 20:17:35,TEST,fuga,100
9c67ae,2025-04-05 20:17:47,TEST,fuga,100
a0b667,2025-04-05 20:17:54,BACK,fuga,
3676f6,2025-04-05 20:18:23,SELF,fuga,"{c:100,a:5,s:5}"
2c0fa0,2025-04-05 20:18:33,PICK,pedra,
2aed55,2025-04-05 20:33:31,BACK,pedra,
7ca1a8,2025-04-05 20:34:03,QUIT,,
5977a4,2025-04-05 21:12:37,OPEN,,
6f5b0d,2025-04-05 21:23:48,QUIT,,
2a2238,2025-04-06 18:10:15,OPEN,,
a81c4b,2025-04-06 18:10:17,PICK,pedra,
d44cba,2025-04-06 18:10:20,TEST,pedra,0
f275f2,2025-04-06 18:21:34,TEST,pedra,0
fb395a,2025-04-06 18:22:01,FREE,pedra,
e9b9ff,2025-04-06 18:27:28,TEST,pedra,25
d770ae,2025-04-06 18:27:53,TEST,pedra,50
c9b308,2025-04-06 18:28:38,TEST,pedra,50
abbea1,2025-04-06 18:28:58,TEST,pedra,50
a3f964,2025-04-06 18:29:33,TEST,pedra,0
f59c92,2025-04-06 18:53:14,TEST,pedra,100
a30a2b,2025-04-06 18:53:31,TEST,pedra,100
0d85ef,2025-04-06 18:53:33,TEST,pedra,100
a52a51,2025-04-06 18:53:34,TEST,pedra,100
180f09,2025-04-06 18:53:40,BACK,pedra,
d7a5f0,2025-04-06 18:54:07,SELF,pedra,"{c:100,a:2,s:5}"
7dd569,2025-04-06 18:54:37,SELF,mumia,"{c:100,a:5,s:5}"
26538f,2025-04-06 18:54:41,PICK,pedra,
a4a7d9,2025-04-06 18:54:43,TEST,pedra,100
589f6b,2025-04-06 18:54:45,TEST,pedra,100
1156fb,2025-04-06 18:54:45,BACK,pedra,
9229ea,2025-04-06 18:54:57,SELF,pedra,"{c:100,a:2,s:4}"
664c09,2025-04-06 18:55:00,DOWN,casais,
b16573,2025-04-06 18:55:02,PICK,casais,
1844b9,2025-04-07 19:52:06,OPEN,,
dd1276,2025-04-07 19:57:48,PICK,casais,
1b96d0,2025-04-07 20:46:17,TEST,casais,0
05707e,2025-04-07 20:46:18,TEST,casais,0
409593,2025-04-07 20:46:18,BACK,casais,
6e8196,2025-04-07 20:46:20,QUIT,,
b5c768,2025-04-08 16:48:12,OPEN,,
06009c,2025-04-08 16:48:15,PICK,casais,
0a5953,2025-04-08 16:55:37,TEST,casais,0
4a79e5,2025-04-08 16:56:32,TEST,casais,0
e9cdea,2025-04-08 16:56:52,TEST,casais,0
95d57c,2025-04-08 16:56:54,FREE,casais,
7c1647,2025-04-08 17:03:17,TEST,casais,25
5fdb56,2025-04-08 17:04:02,FREE,casais,
ead58e,2025-04-08 17:10:32,TEST,casais,50
89391e,2025-04-08 17:11:55,TEST,casais,50
f203c8,2025-04-08 17:17:17,TEST,casais,50
eedfcb,2025-04-08 17:17:45,FREE,casais,
3cf998,2025-04-08 17:18:16,OPEN,,
8859c7,2025-04-08 17:18:18,PICK,casais,
94909c,2025-04-08 17:18:20,TEST,casais,50
ca87d9,2025-04-08 17:18:21,FREE,casais,
7c16b1,2025-04-08 17:19:15,OPEN,,
773f98,2025-04-08 17:19:16,PICK,casais,
85fde8,2025-04-08 17:19:18,FREE,casais,
47aca1,2025-04-08 17:21:44,TEST,casais,50
00a029,2025-04-08 17:23:28,TEST,casais,100
09be59,2025-04-08 17:23:39,TEST,casais,100
91215a,2025-04-08 17:23:41,BACK,casais,
b2c41d,2025-04-08 17:23:43,DOWN,baruel,
b545d7,2025-04-08 17:24:53,PICK,baruel,
e36254,2025-04-08 18:03:14,TEST,baruel,0
1fa4e0,2025-04-08 18:03:20,FREE,baruel,
4e860d,2025-04-08 18:11:20,TEST,baruel,0
39bda9,2025-04-08 18:11:21,TEST,baruel,0
ee6e97,2025-04-08 18:16:06,TEST,baruel,0
9532c4,2025-04-08 19:02:56,FREE,baruel,
2ac0cc,2025-04-08 19:03:44,OPEN,,
94d88c,2025-04-08 19:03:45,PICK,baruel,
768975,2025-04-08 19:03:47,FREE,baruel,
6701da,2025-04-08 19:05:24,TEST,baruel,0
8d433f,2025-04-08 19:05:30,FREE,baruel,
dd8b68,2025-04-08 19:07:25,TEST,baruel,0
1c7d4d,2025-04-08 19:07:27,FREE,baruel,
8b816a,2025-04-08 19:11:58,BACK,baruel,
c7313d,2025-04-08 19:12:36,QUIT,,
6cbead,2025-04-08 20:11:55,OPEN,,
a5272d,2025-04-08 20:12:02,PICK,baruel,
84ec8b,2025-04-08 20:12:15,FREE,baruel,
b3b4b0,2025-04-08 20:12:56,BACK,baruel,
65c2ed,2025-04-08 20:13:01,DOWN,baruel,
c88956,2025-04-08 20:13:06,DOWN,casais,
d77b35,2025-04-08 20:13:09,DOWN,pedra,
6747c6,2025-04-08 20:13:13,DOWN,pintando,
7f5162,2025-04-08 20:13:15,DOWN,mumia,
960190,2025-04-08 20:13:18,DOWN,fuga,
52a441,2025-04-08 20:13:20,DOWN,pedra,
003b63,2025-04-08 20:13:23,DOWN,casais,
773687,2025-04-08 20:13:25,DOWN,baruel,
484dd2,2025-04-08 20:13:28,PICK,pintando,
741a47,2025-04-08 20:13:32,TEST,pintando,100
17dd76,2025-04-08 20:13:39,BACK,pintando,
ff3883,2025-04-08 20:13:41,PICK,mumia,
f8436d,2025-04-08 20:13:46,TEST,mumia,88
6523d9,2025-04-08 20:14:20,BACK,mumia,
56e290,2025-04-08 20:14:24,PICK,fuga,
5491ca,2025-04-08 20:14:30,TEST,fuga,80
c3aeb1,2025-04-08 20:14:31,BACK,fuga,
a2b0b7,2025-04-08 20:14:33,PICK,pedra,
ae2586,2025-04-08 20:14:39,TEST,pedra,100
172443,2025-04-08 20:14:46,BACK,pedra,
45d9a2,2025-04-08 20:15:14,OPEN,,
41eec5,2025-04-08 20:15:23,PICK,pedra,
3f740a,2025-04-08 20:15:29,TEST,pedra,100
a18e07,2025-04-08 20:15:44,PICK,mumia,
767db5,2025-04-08 20:16:29,TEST,mumia,100
20b1d4,2025-04-08 20:16:36,TEST,mumia,100
31f56c,2025-04-08 20:16:36,BACK,mumia,
2dacb3,2025-04-08 20:16:41,PICK,pintando,
1e3070,2025-04-08 20:16:43,TEST,pintando,100
21582e,2025-04-08 20:16:44,BACK,pintando,
86363c,2025-04-08 20:16:45,PICK,fuga,
1e0fe5,2025-04-08 20:16:50,TEST,fuga,80
39e20e,2025-04-08 20:17:13,FREE,fuga,
e50f22,2025-04-08 20:21:44,TEST,fuga,100
8e7df0,2025-04-08 20:21:49,TEST,fuga,100
e0ce70,2025-04-08 20:21:49,BACK,fuga,
deb9bf,2025-04-08 20:21:53,PICK,pedra,
953af8,2025-04-08 20:21:58,TEST,pedra,100
ad8d92,2025-04-08 20:21:59,BACK,pedra,
1a9a97,2025-04-08 20:22:02,PICK,casais,
c83ffd,2025-04-08 20:22:05,TEST,casais,100
f5e8b4,2025-04-08 20:22:06,BACK,casais,
412b05,2025-04-08 20:22:08,PICK,baruel,
076ac6,2025-04-08 20:26:24,BACK,pedra,
e8d03c,2025-04-08 20:26:26,QUIT,,
21a2e8,2025-04-08 20:35:15,FREE,baruel,
3b8a40,2025-04-08 20:42:37,FREE,baruel,
c8dcb2,2025-04-08 20:48:41,OPEN,,
be6081,2025-04-08 20:48:44,PICK,baruel,
3a56dc,2025-04-08 20:48:47,FREE,baruel,
074140,2025-04-08 20:50:09,FREE,baruel,
d4160a,2025-04-08 20:58:08,TEST,baruel,0
4656e1,2025-04-08 21:10:43,FREE,baruel,
f235aa,2025-04-08 21:14:26,OPEN,,
d7cfd4,2025-04-08 21:14:27,PICK,baruel,
1d43a9,2025-04-08 21:14:29,FREE,baruel,
8f3f18,2025-04-08 21:23:38,TEST,baruel,0
acfdc3,2025-04-08 21:24:22,FREE,baruel,
2ae77c,2025-04-08 21:26:40,TEST,baruel,25
459e9c,2025-04-08 21:28:28,TEST,baruel,50
567232,2025-04-08 21:29:13,TEST,baruel,50
23e223,2025-04-08 21:29:48,FREE,baruel,
6a1d0e,2025-04-08 21:34:51,TEST,baruel,100
9f2f22,2025-04-08 21:35:02,TEST,baruel,100
b429df,2025-04-08 21:35:02,BACK,baruel,
6765ba,2025-04-08 21:35:23,SELF,baruel,"{c:100,a:5,s:4}"
5d2bd7,2025-04-08 21:35:30,PICK,baruel,
86a2d6,2025-04-08 21:35:32,TEST,baruel,100
3915dd,2025-04-08 21:35:32,BACK,baruel,
6c0f43,2025-04-08 21:35:48,SELF,baruel,"{c:100,a:4,s:4}"
071801,2025-04-08 21:35:51,PICK,pedra,
d5efb5,2025-04-08 21:35:52,BACK,pedra,
85ca70,2025-04-08 21:35:55,DOWN,pedra,
a632c8,2025-04-08 21:36:05,SELF,pedra,"{c:100,a:6,s:4}"
6755e6,2025-04-08 21:36:07,PICK,baruel,
7c6b27,2025-04-08 21:36:10,TEST,baruel,100
fed1c5,2025-04-08 21:36:10,BACK,baruel,
d953a5,2025-04-08 21:36:25,SELF,baruel,"{c:100,a:5,s:5}"
791437,2025-04-08 21:36:30,DOWN,gomos,
d8d9cd,2025-04-08 21:36:34,PICK,gomos,
4c7acf,2025-04-08 21:40:16,BACK,gomos,
3a561d,2025-04-08 21:40:18,QUIT,,
91841c,2025-04-09 17:37:27,OPEN,,
b11769,2025-04-09 17:37:43,DOWN,princesa,
d1a654,2025-04-09 17:37:57,DOWN,apagando,
dc76bb,2025-04-09 17:38:25,PICK,gomos,
8257ca,2025-04-09 17:38:28,TEST,gomos,0
2040b6,2025-04-09 17:44:56,TEST,gomos,0
fdd946,2025-04-09 17:45:12,TEST,gomos,0
6a5062,2025-04-09 17:46:22,TEST,gomos,0
24fc37,2025-04-09 17:52:27,TEST,gomos,0
21b7fe,2025-04-09 17:54:44,TEST,gomos,0
052e94,2025-04-09 17:54:45,TEST,gomos,0
4b5418,2025-04-09 17:54:47,TEST,gomos,0
e072a6,2025-04-09 18:01:27,TEST,gomos,100
38c601,2025-04-09 18:01:35,BACK,gomos,
70924b,2025-04-09 18:05:30,PICK,apagando,
c34fff,2025-04-09 18:05:34,TEST,apagando,0
45531c,2025-04-09 18:05:55,TEST,apagando,0
3f5143,2025-04-09 18:07:10,TEST,apagando,0
f56d8b,2025-04-09 18:08:14,TEST,apagando,0
a7202f,2025-04-09 18:11:22,TEST,apagando,0
8b6250,2025-04-09 18:11:28,BACK,apagando,
2db0fc,2025-04-09 18:11:36,PICK,apagando,
b300ce,2025-04-09 18:11:40,TEST,apagando,0
abe1ee,2025-04-09 18:19:02,TEST,apagando,0
b97ec0,2025-04-09 18:21:32,TEST,apagando,0
a7867b,2025-04-09 18:21:46,TEST,apagando,0
911c45,2025-04-09 18:24:23,TEST,apagando,0
0cfd72,2025-04-09 18:25:01,TEST,apagando,0
d0b671,2025-04-09 18:37:57,TEST,apagando,0
ab7989,2025-04-09 18:38:55,TEST,apagando,0
a96139,2025-04-10 18:24:02,OPEN,,
11357d,2025-04-10 22:08:03,OPEN,,
eebcdd,2025-04-10 22:08:32,PICK,gomos,
9e5a1c,2025-04-10 22:08:35,TEST,gomos,100
9ffed9,2025-04-10 22:50:58,TEST,gomos,100
3899e7,2025-04-10 22:51:11,BACK,gomos,
1c4666,2025-04-10 22:51:31,SELF,gomos,"{c:100,a:4,s:3}"
841cf9,2025-04-10 22:53:33,DOWN,princesa,
edef4c,2025-04-10 22:53:53,DOWN,apagando,
825c99,2025-04-10 22:53:55,PICK,princesa,
b61ee7,2025-04-10 22:53:57,TEST,princesa,0
edee9d,2025-04-10 22:56:11,BACK,princesa,
eb3506,2025-04-10 22:56:15,QUIT,,
95ad4d,2025-04-10 22:56:20,OPEN,,
0a919a,2025-04-10 23:37:02,PICK,princesa,
b1ce34,2025-04-10 23:39:57,BACK,princesa,
6140de,2025-04-10 23:39:58,QUIT,,
162a7c,2025-04-11 14:16:13,OPEN,,
48b4c7,2025-04-11 14:16:20,DOWN,princesa,
126530,2025-04-11 14:16:23,PICK,princesa,
3be9c3,2025-04-11 14:26:14,FREE,princesa,
84e5fd,2025-04-11 14:29:03,FREE,princesa,
90fe83,2025-04-11 14:29:37,FREE,princesa,
53128e,2025-04-11 15:25:05,BACK,princesa,
320b49,2025-04-11 15:25:06,QUIT,,
dbae76,2025-04-11 16:11:06,OPEN,,
439481,2025-04-11 16:11:08,PICK,princesa,
2887fe,2025-04-11 16:11:10,FREE,princesa,
944202,2025-04-11 16:11:52,OPEN,,
074411,2025-04-11 16:12:12,PICK,princesa,
a2d5f1,2025-04-11 16:12:13,FREE,princesa,
b98b83,2025-04-11 17:59:34,BACK,princesa,
0face8,2025-04-11 17:59:37,QUIT,,
c532ae,2025-04-13 20:51:26,OPEN,,
4d8dfc,2025-04-13 20:51:29,PICK,princesa,
578630,2025-04-13 20:56:50,BACK,princesa,
5b37cd,2025-04-13 20:56:50,QUIT,,
22239e,2025-04-13 21:36:39,OPEN,,
29b119,2025-04-13 21:37:02,PICK,pedra,
575238,2025-04-13 21:41:51,BACK,pedra,
9e90cf,2025-04-13 21:41:59,PICK,pedra,
9ecc61,2025-04-13 21:42:10,TEST,pedra,0
1a1ab8,2025-04-13 21:50:03,TEST,pedra,0
d6aa50,2025-04-13 21:52:53,TEST,pedra,25
0866a6,2025-04-13 21:53:44,TEST,pedra,25
9abba5,2025-04-13 21:54:05,TEST,pedra,0
d52e88,2025-04-13 21:55:08,TEST,pedra,0
143d9d,2025-04-13 21:55:20,TEST,pedra,66
007ecb,2025-04-13 21:56:03,TEST,pedra,50
a47fe9,2025-04-13 21:57:37,TEST,pedra,50
3a3c4a,2025-04-13 21:59:29,TEST,pedra,50
1b1640,2025-04-13 22:01:38,TEST,pedra,0
24425a,2025-04-13 22:02:13,TEST,pedra,50
9b87f1,2025-04-13 22:03:08,TEST,pedra,100
fcea4b,2025-04-13 22:03:13,BACK,pedra,
4cc050,2025-04-13 22:03:28,SELF,pedra,"{c:100,a:6,s:5}"
6c2b39,2025-04-13 22:13:55,PICK,casais,
20855f,2025-04-13 22:13:58,TEST,casais,0
b57a52,2025-04-13 22:14:17,TEST,casais,0
644058,2025-04-13 22:17:23,TEST,casais,0
f4086b,2025-04-13 22:17:30,FREE,casais,
d7e1c0,2025-04-13 22:35:44,TEST,casais,100
74bb64,2025-04-13 22:41:56,BACK,casais,
5a4ed6,2025-04-13 22:42:12,SELF,pintando,"{c:100,a:6,s:5}"
c4418f,2025-04-13 22:42:19,SELF,mumia,"{c:80,a:6,s:5}"
85a23d,2025-04-13 22:42:25,SELF,mumia,"{c:100,a:6,s:5}"
44a4f0,2025-04-13 22:42:35,SELF,fuga,"{c:100,a:6,s:5}"
7004d8,2025-04-13 22:42:41,SELF,pedra,"{c:100,a:5,s:5}"
f113e5,2025-04-13 22:42:49,SELF,casais,"{c:100,a:5,s:5}"
df35d1,2025-04-13 22:42:51,PICK,baruel,
2293dd,2025-04-13 22:42:54,BACK,baruel,
affd5f,2025-04-13 22:42:57,SELF,baruel,"{c:100,a:6,s:5}"
9eb791,2025-04-13 22:42:59,PICK,gomos,
d4b0e6,2025-04-13 22:43:00,BACK,gomos,
baefae,2025-04-13 22:43:09,SELF,gomos,"{c:100,a:6,s:4}"
e1c47a,2025-04-13 22:43:27,QUIT,,
1daf6f,2025-04-13 22:43:58,OPEN,,
bb73fa,2025-04-13 22:44:20,SELF,gomos,"{c:100,a:5,s:4}"
a7168c,2025-04-13 22:45:11,OPEN,,
4b3354,2025-04-13 22:45:36,PICK,princesa,
ee53ab,2025-04-13 22:45:43,TEST,princesa,0
f77d31,2025-04-13 22:46:13,BACK,princesa,
08f328,2025-04-13 22:48:10,QUIT,,
b776a4,2025-04-14 10:25:12,OPEN,,
030575,2025-04-14 10:25:39,PICK,princesa,
68b6cb,2025-04-14 10:30:36,TEST,princesa,0
d9852a,2025-04-14 10:32:43,TEST,princesa,0
a2e2b3,2025-04-14 10:32:58,TEST,princesa,0
0296d1,2025-04-14 10:47:18,TEST,princesa,0
b919d6,2025-04-14 10:47:22,FREE,princesa,
6f2694,2025-04-14 10:53:13,TEST,princesa,0
7e692f,2025-04-14 10:53:17,BACK,princesa,
181323,2025-04-14 10:53:18,PICK,princesa,
b1de33,2025-04-14 10:53:23,TEST,princesa,0
70684f,2025-04-14 10:53:26,FREE,princesa,
7d1d74,2025-04-14 11:07:04,OPEN,,
d49dfc,2025-04-14 11:07:05,PICK,princesa,
6136e7,2025-04-14 11:07:22,OPEN,,
b4eeee,2025-04-14 11:07:30,DOWN,alternando,
73fcc9,2025-04-14 11:07:45,PICK,princesa,
e2fb56,2025-04-14 11:07:50,FREE,princesa,
2e35f2,2025-04-14 11:10:05,OPEN,,
809f68,2025-04-14 11:10:13,PICK,princesa,
6b83ba,2025-04-14 11:10:23,FREE,princesa,
e3c70c,2025-04-15 08:00:15,TEST,princesa,0
d72046,2025-04-15 08:00:55,TEST,princesa,0
8446aa,2025-04-15 08:01:04,TEST,princesa,0
2d96f2,2025-04-15 08:01:19,TEST,princesa,0
ede334,2025-04-15 08:01:24,TEST,princesa,0
dd321d,2025-04-15 08:02:39,TEST,princesa,0
a9deef,2025-04-15 08:02:43,TEST,princesa,0
91b9fe,2025-04-15 08:15:32,TEST,princesa,0
3536ab,2025-04-15 08:15:34,TEST,princesa,0
5b80a4,2025-04-15 08:18:34,TEST,princesa,0
9f5035,2025-04-15 08:18:47,TEST,princesa,0
1e3748,2025-04-15 08:21:18,TEST,princesa,0
56f6b0,2025-04-15 08:21:46,TEST,princesa,100
a52fa0,2025-04-15 08:22:52,TEST,princesa,100
eb1a12,2025-04-15 08:23:15,BACK,princesa,
2e855d,2025-04-15 08:24:04,SELF,princesa,"{c:100,a:4,s:4}"
d4c1cc,2025-04-15 08:28:07,DOWN,apagando,
753c98,2025-04-15 08:28:14,DOWN,manipulacao,
4ec348,2025-04-15 08:42:29,PICK,apagando,
658434,2025-04-15 08:42:35,TEST,apagando,0
0a0982,2025-04-15 08:46:57,TEST,apagando,0
8eebc0,2025-04-15 09:38:57,TEST,apagando,0
b8847d,2025-04-15 09:39:03,TEST,apagando,0
dfc43b,2025-04-15 09:40:24,TEST,apagando,0
8d5f39,2025-04-15 09:41:10,TEST,apagando,0
f8c15a,2025-04-15 09:42:24,TEST,apagando,0
d6af79,2025-04-15 09:43:42,BACK,apagando,
876323,2025-04-15 09:43:44,PICK,apagando,
7b57de,2025-04-15 09:43:55,TEST,apagando,0
51afa0,2025-04-15 09:44:59,TEST,apagando,0
c3cad5,2025-04-15 09:48:41,TEST,apagando,0
c31b3d,2025-04-15 09:48:58,TEST,apagando,0
2bda71,2025-04-15 09:49:14,TEST,apagando,0
de706b,2025-04-15 09:49:57,TEST,apagando,0
1eaba4,2025-04-15 09:50:36,TEST,apagando,0
e07c69,2025-04-15 09:51:19,TEST,apagando,0
16c4f4,2025-04-15 09:52:57,TEST,apagando,33
535bc7,2025-04-15 10:05:04,TEST,apagando,0
17d2a0,2025-04-15 10:13:55,OPEN,,
c6865b,2025-04-15 10:14:29,PICK,apagando,
520411,2025-04-15 10:14:37,TEST,apagando,0
ada76f,2025-04-15 10:16:25,TEST,apagando,0
69dbef,2025-04-15 10:16:35,TEST,apagando,0
24e4ce,2025-04-15 10:16:55,TEST,apagando,0
1babef,2025-04-15 10:17:48,TEST,apagando,0
71a0e8,2025-04-15 10:18:18,TEST,apagando,0
7bf3f3,2025-04-15 10:19:24,TEST,apagando,0
5d5c75,2025-04-15 10:40:54,OPEN,,
19cde3,2025-04-15 10:43:55,QUIT,,
e61d61,2025-04-15 11:37:02,OPEN,,
944756,2025-04-15 20:17:58,QUIT,,
22f823,2025-04-16 08:54:17,OPEN,,
62e3b8,2025-04-16 08:57:25,PICK,apagando,
1a8d60,2025-04-16 08:57:31,TEST,apagando,0
8231ab,2025-04-16 08:58:09,TEST,apagando,0
aae6f9,2025-04-16 08:58:25,TEST,apagando,0
10c20e,2025-04-16 09:06:43,TEST,apagando,0
0b7569,2025-04-16 09:07:25,TEST,apagando,0
f6480f,2025-04-16 09:07:43,TEST,apagando,0
96818a,2025-04-16 09:08:14,TEST,apagando,0
86b776,2025-04-16 09:08:36,TEST,apagando,100
744392,2025-04-16 09:12:22,BACK,apagando,
611b0c,2025-04-16 09:12:56,SELF,apagando,"{c:100,a:4,s:5}"
637f1f,2025-04-16 09:13:04,PICK,manipulacao,
d88c3d,2025-04-16 09:22:16,TEST,manipulacao,0
90e9dd,2025-04-16 09:32:21,TEST,manipulacao,0
b47b59,2025-04-16 09:33:29,TEST,manipulacao,0
e71378,2025-04-16 09:34:05,TEST,manipulacao,0
f65411,2025-04-16 09:34:37,TEST,manipulacao,0
5fe640,2025-04-16 10:22:03,BACK,manipulacao,
c54c89,2025-04-16 10:22:39,DOWN,especiais,
338626,2025-04-16 10:22:40,PICK,especiais,
c24985,2025-04-16 10:26:15,BACK,especiais,
588bed,2025-04-16 10:26:20,QUIT,,
e8933b,2025-04-16 10:26:54,OPEN,,
7ed822,2025-04-16 10:26:57,QUIT,,
311f9e,2025-04-16 10:27:17,OPEN,,
40bab3,2025-04-16 10:28:18,QUIT,,
1d673f,2025-04-16 10:55:19,OPEN,,
ba0c03,2025-04-16 10:56:54,DOWN,triangulo,
fbc581,2025-04-16 11:30:13,PICK,triangulo,
58a378,2025-04-16 11:31:14,TEST,triangulo,0
ede46f,2025-04-16 11:31:55,TEST,triangulo,0
b9c0ac,2025-04-16 11:34:56,TEST,triangulo,0
3fd790,2025-04-16 11:35:10,TEST,triangulo,0
4a26c8,2025-04-16 11:36:01,TEST,triangulo,0
f04fa6,2025-04-16 11:36:11,TEST,triangulo,0
446f42,2025-04-16 11:36:36,TEST,triangulo,0
6f6a01,2025-04-16 11:37:18,TEST,triangulo,0
224cf5,2025-04-16 11:37:30,TEST,triangulo,0
84d490,2025-04-16 11:37:40,TEST,triangulo,0
73d5c8,2025-04-16 11:37:50,TEST,triangulo,0
36e8ed,2025-04-16 11:37:58,TEST,triangulo,0
020128,2025-04-16 11:38:12,TEST,triangulo,0
426d3a,2025-04-16 11:38:24,TEST,triangulo,0
29c9a9,2025-04-16 11:38:49,TEST,triangulo,0
1d79cb,2025-04-16 11:39:02,TEST,triangulo,0
bd9571,2025-04-16 11:39:25,TEST,triangulo,0
70823d,2025-04-16 11:39:44,TEST,triangulo,0
9208f9,2025-04-16 11:40:08,TEST,triangulo,0
93cc37,2025-04-16 11:40:20,TEST,triangulo,0
0911c0,2025-04-16 11:40:27,TEST,triangulo,0
3c5d21,2025-04-16 11:40:37,TEST,triangulo,0
659909,2025-04-16 11:41:10,TEST,triangulo,0
34ff6a,2025-04-16 11:41:18,TEST,triangulo,0
ca6d05,2025-04-16 11:42:22,TEST,triangulo,0
c0f869,2025-04-16 11:43:07,TEST,triangulo,0
0113d3,2025-04-16 11:43:17,TEST,triangulo,0
c82058,2025-04-16 11:43:25,TEST,triangulo,0
c867a2,2025-04-16 11:43:32,TEST,triangulo,0
9723d7,2025-04-16 11:44:06,TEST,triangulo,0
8323f4,2025-04-16 11:44:13,TEST,triangulo,0
c288ab,2025-04-16 11:44:21,TEST,triangulo,0
55ed53,2025-04-16 11:44:21,BACK,triangulo,
f4d256,2025-04-16 11:44:24,PICK,triangulo,
51302b,2025-04-16 11:44:36,TEST,triangulo,0
5e04a7,2025-04-16 11:44:37,TEST,triangulo,0
8cf07c,2025-04-16 11:44:51,TEST,triangulo,0
e44262,2025-04-16 11:45:09,TEST,triangulo,0
a3fc5a,2025-04-16 11:45:24,TEST,triangulo,0
a11895,2025-04-16 11:45:42,TEST,triangulo,0
89340b,2025-04-16 11:46:05,TEST,triangulo,0
3f05a4,2025-04-16 11:46:14,TEST,triangulo,0
51bb3f,2025-04-16 11:47:03,TEST,triangulo,0
b2dea1,2025-04-16 11:47:13,TEST,triangulo,0
4a06be,2025-04-16 11:47:34,TEST,triangulo,0
59d3a0,2025-04-16 11:48:42,TEST,triangulo,0
2fa2f1,2025-04-16 11:49:15,TEST,triangulo,0
33581c,2025-04-16 11:50:07,TEST,triangulo,0
bae08b,2025-04-16 11:50:51,TEST,triangulo,0
b43758,2025-04-16 11:51:08,TEST,triangulo,0
d23bb1,2025-04-16 11:56:16,TEST,triangulo,0
631c51,2025-04-16 11:56:44,TEST,triangulo,0
53b101,2025-04-16 11:57:03,TEST,triangulo,100
4b74d8,2025-04-16 11:57:10,BACK,triangulo,
c30715,2025-04-16 11:57:12,PICK,triangulo,
cbcc1e,2025-04-16 11:57:20,TEST,triangulo,0
27e16e,2025-04-16 11:57:25,TEST,triangulo,0
9b199e,2025-04-16 11:58:08,TEST,triangulo,0
ee05ef,2025-04-16 19:18:47,TEST,triangulo,0
8f990f,2025-04-16 19:18:48,BACK,triangulo,
4d0c01,2025-04-16 19:18:49,PICK,triangulo,
445c89,2025-04-16 19:19:02,TEST,triangulo,0
474fc0,2025-04-16 19:19:20,TEST,triangulo,0
f43014,2025-04-16 19:19:38,TEST,triangulo,0
6e539e,2025-04-18 15:17:51,OPEN,,
6f3dcd,2025-04-18 15:18:45,QUIT,,
28e0de,2025-04-18 15:19:20,OPEN,,
805dd2,2025-04-18 17:32:45,OPEN,,
449dba,2025-04-18 17:33:49,PICK,manipulacao,
f29643,2025-04-18 17:37:20,TEST,manipulacao,0
5faccb,2025-04-18 17:37:47,TEST,manipulacao,0
3cbf01,2025-04-18 17:38:17,TEST,manipulacao,0
f13683,2025-04-18 17:38:25,TEST,manipulacao,0
1e888b,2025-04-18 17:39:13,TEST,manipulacao,0
4332d0,2025-04-18 17:39:15,TEST,manipulacao,0
e1f9d8,2025-04-18 17:39:43,TEST,manipulacao,0
35ae50,2025-04-18 17:39:44,TEST,manipulacao,0
c327a8,2025-04-18 17:41:11,TEST,manipulacao,0
80ece2,2025-04-18 17:41:17,TEST,manipulacao,0
36ebe5,2025-04-18 17:42:12,TEST,manipulacao,0
6464bc,2025-04-18 17:43:28,TEST,manipulacao,0
6f0dbb,2025-04-18 17:43:30,TEST,manipulacao,0
421e9f,2025-04-18 17:43:32,TEST,manipulacao,0
7553c6,2025-04-18 17:44:44,TEST,manipulacao,0
fa78b9,2025-04-18 17:44:45,TEST,manipulacao,0
5d5738,2025-04-18 17:45:50,TEST,manipulacao,0
c49b0f,2025-04-18 17:49:38,TEST,manipulacao,0
a9bd58,2025-04-18 17:49:40,TEST,manipulacao,0
f7d9ab,2025-04-18 17:49:42,TEST,manipulacao,0
09f78c,2025-04-18 18:05:09,TEST,manipulacao,0
e064b9,2025-04-18 18:05:17,TEST,manipulacao,0
58f04a,2025-04-18 18:08:12,TEST,manipulacao,0
e52b2d,2025-04-18 18:12:29,TEST,manipulacao,0
baff8b,2025-04-18 18:12:45,TEST,manipulacao,14
91c5fb,2025-04-18 18:22:04,TEST,manipulacao,14
e72319,2025-04-18 18:23:21,TEST,manipulacao,14
c3a7f5,2025-04-18 18:25:20,TEST,manipulacao,14
d70c45,2025-04-18 18:26:10,TEST,manipulacao,14
a8c9dd,2025-04-18 18:26:26,FREE,manipulacao,
66ce28,2025-04-18 18:29:25,OPEN,,
79768c,2025-04-18 18:29:32,PICK,manipulacao,
7886f6,2025-04-18 18:29:36,TEST,manipulacao,14
5bba03,2025-04-18 18:30:29,TEST,manipulacao,14
f703aa,2025-04-18 18:32:54,TEST,manipulacao,14
6f0b4c,2025-04-18 18:37:08,TEST,manipulacao,28
281d33,2025-04-18 18:49:39,TEST,manipulacao,28
db5034,2025-04-18 18:57:54,TEST,manipulacao,28
eeda4a,2025-04-18 19:02:13,TEST,manipulacao,28
7da930,2025-04-18 19:02:34,TEST,manipulacao,28
23edf9,2025-04-18 19:03:17,TEST,manipulacao,28
36f2d9,2025-04-18 19:03:42,TEST,manipulacao,28
6f6f53,2025-04-18 19:04:03,TEST,manipulacao,28
991925,2025-04-20 09:19:26,OPEN,,
0d3df1,2025-04-20 09:19:29,PICK,manipulacao,
1a5415,2025-04-20 09:19:35,TEST,manipulacao,42
45480b,2025-04-20 09:27:39,TEST,manipulacao,57
1b6ac3,2025-04-20 09:31:27,TEST,manipulacao,57
4eb84e,2025-04-20 09:35:19,TEST,manipulacao,57
fe0719,2025-04-20 09:35:50,TEST,manipulacao,57
868e9f,2025-04-20 09:36:13,TEST,manipulacao,57
07905d,2025-04-20 09:37:51,TEST,manipulacao,57
910359,2025-04-20 09:38:12,TEST,manipulacao,57
5443d9,2025-04-20 09:39:27,TEST,manipulacao,57
e86c23,2025-04-20 09:39:45,TEST,manipulacao,57
8a8041,2025-04-20 09:40:01,TEST,manipulacao,57
b630fd,2025-04-20 09:40:02,TEST,manipulacao,57
6214b6,2025-04-20 09:41:11,TEST,manipulacao,57
eeb61a,2025-04-20 09:41:29,TEST,manipulacao,57
dca2f9,2025-04-20 09:41:52,TEST,manipulacao,57
be7a32,2025-04-20 09:42:15,TEST,manipulacao,57
96d9a5,2025-04-20 09:42:30,TEST,manipulacao,71
2e9ea7,2025-04-20 09:59:02,TEST,manipulacao,85
3b1293,2025-04-20 09:59:49,TEST,manipulacao,100
c40b56,2025-04-20 10:00:00,BACK,manipulacao,
d49e45,2025-04-20 10:00:31,SELF,manipulacao,"{c:100,a:5,s:5}"
c02da1,2025-04-20 10:02:17,PICK,triangulo,
cafff2,2025-04-20 10:02:40,OPEN,,
dd06be,2025-04-20 10:02:41,PICK,triangulo,
3add5a,2025-04-20 10:03:20,TEST,triangulo,0
d9f03b,2025-04-20 10:03:57,TEST,triangulo,0
6832c1,2025-04-20 10:04:11,FREE,triangulo,
2c0687,2025-04-20 10:05:09,TEST,triangulo,0
aa672c,2025-04-20 10:05:20,TEST,triangulo,0
9bee5a,2025-04-20 10:05:51,TEST,triangulo,0
d02e4b,2025-04-20 10:06:17,TEST,triangulo,0
e4f435,2025-04-20 10:06:28,TEST,triangulo,0
181923,2025-04-20 10:07:18,TEST,triangulo,100
4f44e0,2025-04-20 10:07:36,BACK,triangulo,
8f7b69,2025-04-20 10:08:13,SELF,triangulo,"{c:100,a:5,s:4}"
c9d973,2025-04-20 13:14:43,DOWN,treinando,
06c0b5,2025-04-20 13:14:46,PICK,treinando,
710c40,2025-04-20 13:15:14,BACK,treinando,
0f7144,2025-04-20 13:15:25,PICK,treinando,
ab04d9,2025-04-20 13:37:40,BACK,treinando,
98847f,2025-04-21 17:57:26,OPEN,,
e2d4f6,2025-04-21 17:58:05,PICK,treinando,
ab0117,2025-04-21 18:04:02,TEST,treinando,0
380ecc,2025-04-21 18:04:34,TEST,treinando,16
e5694a,2025-04-21 18:18:03,TEST,treinando,0
4b2cce,2025-04-21 18:18:06,TEST,treinando,33
64de6f,2025-04-21 18:24:47,TEST,treinando,33
2ab866,2025-04-21 19:11:47,TEST,treinando,50
7f1c8a,2025-04-21 19:21:13,TEST,treinando,66
6679f7,2025-04-21 19:21:45,TEST,treinando,66
ac472d,2025-04-21 19:23:13,TEST,treinando,83
1e25fc,2025-04-21 19:25:38,BACK,treinando,
dbc415,2025-04-21 19:25:42,QUIT,,
cf234e,2025-04-21 19:26:18,OPEN,,
83a514,2025-04-21 19:26:22,QUIT,,
de7b32,2025-04-21 19:26:30,OPEN,,
b1a1ed,2025-04-21 19:26:39,PICK,treinando,
9a16ae,2025-04-21 19:26:43,TEST,treinando,83
bad608,2025-04-21 19:26:49,BACK,treinando,
23bd06,2025-04-21 19:27:04,PICK,treinando,
e48e4c,2025-04-21 19:27:07,TEST,treinando,83
889162,2025-04-21 19:35:48,BACK,treinando,
6cc42a,2025-04-21 19:36:15,SELF,treinando,"{c:100,a:3,s:3}"
349159,2025-04-21 19:36:19,DOWN,queimada,
dee976,2025-04-21 19:36:20,PICK,queimada,
688664,2025-04-21 19:37:08,BACK,queimada,
84f0e9,2025-04-21 19:39:15,PICK,queimada,
8bf162,2025-04-21 19:44:55,OPEN,,
f85c4c,2025-04-21 20:04:26,PICK,queimada,
103b3f,2025-04-21 20:04:28,TEST,queimada,0
ed057c,2025-04-21 20:04:31,TEST,queimada,0
a4b1c0,2025-04-21 20:04:43,TEST,queimada,16
851710,2025-04-21 20:05:25,TEST,queimada,0
acc219,2025-04-21 20:05:27,TEST,queimada,0
e98aff,2025-04-21 20:08:10,TEST,queimada,100
5e4320,2025-04-21 20:10:20,BACK,queimada,
c45850,2025-04-21 20:10:43,SELF,queimada,"{c:100,a:4,s:4}"
593d58,2025-04-21 20:10:49,DOWN,resto,
124e4c,2025-04-21 20:10:51,PICK,resto,
d3deb6,2025-04-21 20:10:52,TEST,resto,0
601d56,2025-04-21 20:21:06,TEST,resto,0
5dde0a,2025-04-21 20:21:10,TEST,resto,0
b9f9ab,2025-04-21 20:21:38,TEST,resto,0
cd74e4,2025-04-21 20:26:37,TEST,resto,0
21483a,2025-04-21 20:26:46,TEST,resto,0
8b6216,2025-04-21 20:27:02,TEST,resto,0
02d9db,2025-04-21 20:27:10,TEST,resto,0
94176d,2025-04-21 20:27:17,TEST,resto,100
728762,2025-04-21 20:28:27,BACK,resto,
e255cc,2025-04-21 20:28:39,SELF,resto,"{c:100,a:5,s:5}"
63cc33,2025-04-21 20:30:16,DOWN,mdc,
445d7d,2025-04-21 20:30:16,PICK,mdc,
4b6740,2025-04-21 20:32:43,BACK,mdc,
c0ae4a,2025-04-21 20:33:59,SELF,resto,"{c:100,a:5,s:5}"
e01195,2025-04-21 20:34:04,PICK,mdc,
7408ee,2025-04-21 20:35:11,BACK,mdc,
49b864,2025-04-22 10:16:00,OPEN,,
112415,2025-04-22 10:16:08,DOWN,fractais,
6ebc56,2025-04-22 10:16:10,PICK,fractais,
04f03c,2025-04-22 11:08:03,BACK,fractais,
969301,2025-04-22 11:08:09,DOWN,hex,
6e71a1,2025-04-22 11:08:12,PICK,hex,
5f6f06,2025-04-23 10:02:38,OPEN,,
0709f5,2025-04-23 10:02:47,PICK,especiais,
970980,2025-04-23 10:25:36,BACK,especiais,
892c60,2025-04-23 10:25:49,PICK,mdc,
68faf2,2025-04-23 10:25:51,TEST,mdc,0
32b1e5,2025-04-23 10:25:53,TEST,mdc,0
e5b928,2025-04-23 10:26:14,TEST,mdc,100
069bc5,2025-04-23 10:26:28,BACK,mdc,
c13110,2025-04-23 10:27:17,PICK,princesa,
76a967,2025-04-23 10:28:32,BACK,princesa,
0a1943,2025-04-23 10:28:41,PICK,especiais,
dce97a,2025-04-23 10:33:26,BACK,especiais,
903dec,2025-04-23 10:33:48,SELF,mdc,"{c:100,a:6,s:5}"
1fe464,2025-04-23 10:33:57,SELF,rec_read,"{c:0,a:0,s:0}"
d58c66,2025-04-23 10:34:18,PICK,especiais,
ee6840,2025-04-23 10:37:55,TEST,especiais,0
9b20d4,2025-04-23 10:37:57,TEST,especiais,0
ed5e5a,2025-04-23 10:38:08,TEST,especiais,25
8052f8,2025-04-23 10:38:11,TEST,especiais,25
04bf00,2025-04-23 10:38:13,TEST,especiais,25
0352fb,2025-04-23 10:41:03,BACK,especiais,
2d8883,2025-04-23 10:41:43,SELF,especiais,"{c:25,a:0,s:0}"
e6600e,2025-04-23 10:49:34,PICK,especiais,
32610d,2025-04-23 10:49:36,TEST,especiais,0
6367f5,2025-04-23 10:49:40,TEST,especiais,25
c7bcf5,2025-04-23 10:50:35,TEST,especiais,37
323606,2025-04-23 10:52:39,BACK,especiais,
d9c5d4,2025-04-23 10:52:52,PICK,manipulacao,
4553d5,2025-04-23 10:56:21,TEST,manipulacao,100
d24a79,2025-04-23 10:56:26,BACK,manipulacao,
f13a10,2025-04-23 10:56:29,PICK,especiais,
eb67cf,2025-04-23 10:56:33,TEST,especiais,37
97aed8,2025-04-23 10:58:37,TEST,especiais,37
a71685,2025-04-23 10:59:07,TEST,especiais,50
fd59cc,2025-04-24 08:42:18,OPEN,,
1ae8e4,2025-04-24 08:42:26,PICK,especiais,
9c1e39,2025-04-24 08:42:30,TEST,especiais,0
94ceba,2025-04-24 08:42:34,TEST,especiais,62
90cb52,2025-04-24 08:52:57,TEST,especiais,0
8ba621,2025-04-24 08:53:01,TEST,especiais,75
7e629c,2025-04-24 08:57:15,TEST,especiais,0
afc274,2025-04-24 08:57:19,TEST,especiais,75
42a728,2025-04-24 08:58:33,TEST,especiais,0
0d9f9a,2025-04-24 08:58:39,TEST,especiais,75
1213d6,2025-04-24 09:00:06,TEST,especiais,0
c196d6,2025-04-24 09:00:11,TEST,especiais,75
e507c8,2025-04-24 09:00:59,TEST,especiais,0
9f4314,2025-04-24 09:01:04,TEST,especiais,75
69e787,2025-04-24 09:02:32,TEST,especiais,0
ce4b8c,2025-04-24 09:02:35,TEST,especiais,75
4c8afd,2025-04-24 09:07:13,TEST,especiais,0
e57db0,2025-04-24 09:07:18,TEST,especiais,75
a7197e,2025-04-24 09:10:34,TEST,especiais,0
4ea033,2025-04-24 09:17:04,TEST,especiais,0
d6967a,2025-04-24 09:17:09,TEST,especiais,87
6f526b,2025-04-24 09:19:03,TEST,especiais,0
1f3fc9,2025-04-24 09:19:07,TEST,especiais,100
11dd12,2025-04-24 09:19:35,BACK,especiais,
fa44f5,2025-04-24 09:19:54,SELF,especiais,"{c:100,a:4,s:4}"
bd1303,2025-04-25 08:27:50,OPEN,,
8ed283,2025-04-25 13:31:40,OPEN,,
e205e4,2025-04-25 13:32:10,PICK,fractais,
da6df2,2025-04-25 13:36:19,OPEN,,
8686cb,2025-04-25 13:36:22,PICK,fractais,
a51429,2025-04-25 13:37:17,OPEN,,
3cd7ea,2025-04-25 13:37:24,PICK,fractais,
b8a1d0,2025-04-25 13:38:43,OPEN,,
7bfa9d,2025-04-25 13:39:04,QUIT,,
8f4494,2025-04-25 13:40:01,OPEN,,
0927e3,2025-04-26 11:45:33,OPEN,,
a7d8c2,2025-04-26 11:46:06,DOWN,eh_primo,
f8a8f1,2025-04-26 11:46:12,PICK,eh_primo,
e5e1de,2025-04-26 11:53:34,TEST,eh_primo,0
f78c33,2025-04-26 11:53:38,TEST,eh_primo,100
d63417,2025-04-26 11:53:41,BACK,eh_primo,
f621ff,2025-04-26 11:54:25,SELF,eh_primo,"{c:100,a:6,s:5}"
3471cd,2025-04-26 11:54:32,SELF,eh_primo,"{c:100,a:6,s:5}"
c622d9,2025-04-26 11:54:49,SELF,mdc,"{c:100,a:6,s:5}"
6a6aa0,2025-04-26 11:55:07,SELF,resto,"{c:100,a:5,s:5}"
0419ca,2025-04-26 11:55:26,SELF,queimada,"{c:100,a:4,s:4}"
985fe0,2025-04-26 11:55:38,SELF,treinando,"{c:100,a:3,s:3}"
0d4796,2025-04-26 11:55:42,PICK,treinando,
7e387c,2025-04-26 11:55:58,BACK,treinando,
a4e8fe,2025-04-26 11:56:19,SELF,treinando,"{c:100,a:3,s:3}"
b2692f,2025-04-26 11:56:36,SELF,triangulo,"{c:100,a:5,s:4}"
fe4d68,2025-04-26 11:57:02,SELF,princesa,"{c:100,a:4,s:4}"
d8f3e3,2025-04-26 11:57:25,SELF,apagando,"{c:100,a:4,s:5}"
107a7a,2025-04-26 11:57:30,SELF,especiais,"{c:100,a:4,s:4}"
183677,2025-04-26 11:57:33,PICK,especiais,
8f653c,2025-04-26 11:57:47,BACK,especiais,
b1c750,2025-04-26 11:58:02,SELF,especiais,"{c:100,a:4,s:4}"
053b77,2025-04-26 11:58:36,SELF,manipulacao,"{c:100,a:5,s:5}"
198c69,2025-04-26 11:59:37,SELF,pintando,"{c:100,a:6,s:5}"
ec9dd5,2025-04-26 11:59:51,SELF,mumia,"{c:100,a:6,s:5}"
6d614e,2025-04-26 12:00:01,SELF,fuga,"{c:100,a:6,s:5}"
310993,2025-04-26 12:00:30,SELF,gomos,"{c:100,a:5,s:4}"
978045,2025-04-26 12:00:49,SELF,baruel,"{c:100,a:6,s:5}"
d13ce1,2025-04-26 12:01:07,SELF,pedra,"{c:100,a:5,s:5}"
c20109,2025-04-26 12:01:22,SELF,casais,"{c:100,a:5,s:5}"
c432c8,2025-04-26 12:01:54,DOWN,buscas,
a9e8db,2025-04-26 12:02:23,PICK,buscas,
9dcf36,2025-04-26 13:50:12,BACK,buscas,
3d18f0,2025-04-26 14:44:25,PICK,buscas,
ad0986,2025-04-26 14:44:28,TEST,buscas,0
bde830,2025-04-26 14:44:33,TEST,buscas,0
b1bed7,2025-04-26 14:44:59,TEST,buscas,0
056d7c,2025-04-26 14:45:15,TEST,buscas,0
79fb63,2025-04-26 14:45:41,TEST,buscas,0
61b61d,2025-04-26 14:45:51,TEST,buscas,0
551cdf,2025-04-26 14:46:05,TEST,buscas,0
181827,2025-04-26 14:47:31,TEST,buscas,0
b1cbfc,2025-04-26 14:47:44,TEST,buscas,0
c7695d,2025-04-26 14:48:07,TEST,buscas,0
127408,2025-04-26 14:49:14,TEST,buscas,0
980adc,2025-04-26 14:50:52,TEST,buscas,0
9f5d2f,2025-04-26 14:51:04,TEST,buscas,0
cca3c6,2025-04-26 14:51:14,TEST,buscas,0
82b213,2025-04-26 14:51:19,TEST,buscas,0
b6517c,2025-04-26 14:51:37,TEST,buscas,0
5cc3ce,2025-04-26 14:51:45,TEST,buscas,0
d444d3,2025-04-26 14:51:53,TEST,buscas,0
4f9c35,2025-04-26 14:52:02,TEST,buscas,0
20c521,2025-04-26 14:52:22,TEST,buscas,0
94a6d9,2025-04-26 14:52:30,TEST,buscas,0
f68158,2025-04-26 14:52:43,TEST,buscas,0
82eeec,2025-04-26 14:53:50,TEST,buscas,0
677af5,2025-04-26 14:54:05,TEST,buscas,100
096019,2025-04-26 14:54:13,BACK,buscas,
ded2d4,2025-04-26 14:54:42,SELF,buscas,"{c:100,a:5,s:5}"
404c7a,2025-04-26 14:54:54,DOWN,rotacoes,
5fc028,2025-04-26 14:55:46,PICK,rotacoes,
61b361,2025-04-26 15:02:05,BACK,rotacoes,
17a1c2,2025-04-26 15:02:08,PICK,buscas,
90b436,2025-04-26 15:02:13,TEST,buscas,100
40f276,2025-04-26 15:03:17,BACK,buscas,
360a1d,2025-04-26 15:03:20,PICK,rotacoes,
f17909,2025-04-26 15:18:26,TEST,rotacoes,0
b260b4,2025-04-26 15:18:30,TEST,rotacoes,0
17fa81,2025-04-26 15:18:45,TEST,rotacoes,0
975c93,2025-04-26 15:18:57,TEST,rotacoes,20
7d92d8,2025-04-26 15:18:58,TEST,rotacoes,20
9a27b2,2025-04-26 15:19:45,TEST,rotacoes,20
ac691a,2025-04-26 15:20:12,TEST,rotacoes,20
592af7,2025-04-26 15:24:24,TEST,rotacoes,20
18de18,2025-04-26 15:29:07,TEST,rotacoes,20
4869fc,2025-04-26 15:30:01,TEST,rotacoes,20
89fab1,2025-04-26 15:30:28,TEST,rotacoes,0
a54317,2025-04-26 15:31:07,BACK,rotacoes,
c44245,2025-04-26 15:31:09,PICK,rotacoes,
ec17dc,2025-04-26 15:31:12,TEST,rotacoes,0
dbbb71,2025-04-26 15:32:08,TEST,rotacoes,100
2bf1f3,2025-04-26 15:32:19,BACK,rotacoes,
e2edc8,2025-04-26 15:32:49,SELF,rotacoes,"{c:100,a:4,s:4}"
c317a8,2025-04-26 15:32:58,SELF,rotacoes,"{c:100,a:6,s:4}"
c63e17,2025-04-26 15:33:26,SELF,princesa,"{c:100,a:5,s:4}"
2a7c4a,2025-04-26 15:33:44,SELF,rotacoes,"{c:100,a:5,s:4}"
ab1873,2025-04-26 15:34:00,PICK,especiais,
783ea0,2025-04-26 15:38:23,TEST,especiais,0
5290a7,2025-04-26 15:38:27,TEST,especiais,100
046020,2025-04-26 15:38:30,BACK,especiais,
29cc3f,2025-04-26 15:38:49,SELF,especiais,"{c:100,a:5,s:4}"
64115e,2025-04-26 15:39:16,QUIT,,
ad3ae6,2025-04-26 15:39:29,OPEN,,
d9aeda,2025-04-26 15:39:40,PICK,alternando,
bfd809,2025-04-26 15:40:16,BACK,alternando,
dbe4b5,2025-04-26 15:40:21,PICK,alternando,
fcb566,2025-04-26 15:40:42,BACK,alternando,
cc4ed9,2025-04-26 15:40:47,QUIT,,
beff23,2025-04-26 15:41:22,OPEN,,
7f1761,2025-04-26 15:42:50,QUIT,,
fdc54a,2025-04-26 15:47:56,OPEN,,
6d9686,2025-04-26 15:48:42,DOWN,enesimo,
4132a8,2025-04-26 15:48:45,PICK,enesimo,
0fa49a,2025-04-26 16:01:29,BACK,enesimo,
eb11ad,2025-04-26 16:56:49,QUIT,,
0b8b28,2025-04-26 19:12:38,OPEN,,
74b337,2025-04-26 19:15:41,PICK,enesimo,
d1ed5e,2025-04-26 19:15:57,TEST,enesimo,0
0563ac,2025-04-26 19:16:00,TEST,enesimo,100
d7d494,2025-04-26 19:16:03,BACK,enesimo,
205ccb,2025-04-26 19:16:20,SELF,enesimo,"{c:100,a:6,s:5}"
0397a5,2025-04-26 19:16:29,DOWN,priminhos,
7fae36,2025-04-26 19:16:44,PICK,priminhos,
c19d2f,2025-04-26 19:21:45,TEST,priminhos,0
e796e4,2025-04-26 19:21:48,TEST,priminhos,25
0e6b5d,2025-04-26 19:23:45,TEST,priminhos,0
267f99,2025-04-26 19:23:47,TEST,priminhos,100
3513cb,2025-04-26 19:23:59,BACK,priminhos,
cd6b4d,2025-04-26 19:24:08,SELF,priminhos,"{c:100,a:6,s:4}"
a4d674,2025-04-26 19:25:58,SELF,fractais,"{c:30,a:3,s:1}"
c7979a,2025-04-26 19:26:26,QUIT,,
914d43,2025-04-26 21:14:20,OPEN,,
c30989,2025-04-26 21:16:26,QUIT,,
75552a,2025-04-27 19:06:24,OPEN,,
8663b9,2025-04-27 19:06:39,DOWN,distancia,
3fcc17,2025-04-27 19:06:41,PICK,distancia,
62be57,2025-04-29 08:14:59,OPEN,,
989ec3,2025-04-29 08:22:34,DOWN,labirinto,
b50cd4,2025-04-29 08:33:58,PICK,labirinto,
9ffaf7,2025-04-29 08:34:05,TEST,labirinto,0
86df3d,2025-04-29 08:34:12,TEST,labirinto,0
858d7a,2025-04-29 08:35:28,TEST,labirinto,0
c82ed0,2025-04-29 08:35:34,TEST,labirinto,0
9600f4,2025-04-29 08:36:03,TEST,labirinto,0
52f6eb,2025-04-29 08:36:10,TEST,labirinto,0
b3db7b,2025-04-29 08:37:56,TEST,labirinto,0
f0ca7a,2025-04-29 08:37:59,TEST,labirinto,0
8c5f30,2025-04-29 08:38:18,TEST,labirinto,0
671b36,2025-04-29 08:38:26,TEST,labirinto,0
0dea3d,2025-04-29 08:39:51,TEST,labirinto,0
ce6cee,2025-04-29 08:39:55,TEST,labirinto,0
57a3c3,2025-04-29 08:40:05,TEST,labirinto,0
8505d8,2025-04-29 08:40:10,TEST,labirinto,100
f9a4c8,2025-04-29 08:40:49,BACK,labirinto,
370858,2025-04-29 08:41:31,SELF,labirinto,"{c:100,a:5,s:4}"
f3515a,2025-04-29 08:43:32,QUIT,,
be3dcb,2025-04-29 08:43:36,OPEN,,
ae59ce,2025-04-29 08:43:39,QUIT,,
087c56,2025-04-29 08:44:07,OPEN,,
a3ae65,2025-04-29 08:46:32,PICK,treinando,
e5f880,2025-04-29 08:56:50,TEST,treinando,0
cea294,2025-04-29 08:56:55,TEST,treinando,0
e1bdb9,2025-04-29 09:04:29,TEST,treinando,0
f38d21,2025-04-29 09:04:33,TEST,treinando,0
a394ad,2025-04-29 09:04:54,TEST,treinando,0
351b14,2025-04-29 09:04:57,TEST,treinando,0
58d069,2025-04-29 09:05:51,TEST,treinando,0
ac10ad,2025-04-29 09:05:54,TEST,treinando,0
c001e3,2025-04-29 09:07:00,TEST,treinando,0
eb5114,2025-04-29 09:07:04,TEST,treinando,0
52690a,2025-04-29 09:07:23,TEST,treinando,0
79f8c1,2025-04-29 09:07:42,TEST,treinando,0
20c877,2025-04-29 09:10:54,OPEN,,
c10f5a,2025-04-29 09:10:56,PICK,treinando,
0ae641,2025-04-29 09:11:07,TEST,treinando,16
d4de91,2025-04-29 09:21:30,TEST,treinando,0
ecaf45,2025-04-29 09:21:34,TEST,treinando,50
40be31,2025-04-29 09:23:57,TEST,treinando,0
9e332d,2025-04-29 09:24:01,TEST,treinando,66
d59bc7,2025-04-29 09:24:35,TEST,treinando,0
d93f87,2025-04-29 09:24:38,TEST,treinando,50
523e3f,2025-04-29 09:24:57,TEST,treinando,0
fea5a7,2025-04-29 09:25:00,TEST,treinando,50
b04691,2025-04-29 09:25:32,TEST,treinando,0
464bcb,2025-04-29 09:25:36,TEST,treinando,66
b4d457,2025-04-29 09:25:49,TEST,treinando,0
2646fa,2025-04-29 09:25:52,TEST,treinando,66
1bc3a6,2025-04-29 09:26:00,TEST,treinando,0
b51128,2025-04-29 09:26:04,TEST,treinando,83
42b8d7,2025-04-29 09:26:56,TEST,treinando,0
627bfe,2025-04-29 09:26:59,TEST,treinando,100
9fd066,2025-04-29 09:27:02,BACK,treinando,
106afc,2025-04-29 09:27:09,SELF,treinando,"{c:100,a:5,s:3}"
95ac41,2025-04-29 09:27:16,SELF,queimada,"{c:100,a:5,s:4}"
0dc99a,2025-04-29 09:27:35,SELF,labirinto,"{c:100,a:5,s:4}"
dc7238,2025-04-29 09:29:13,SELF,treinando,"{c:100,a:5,s:4}"
f45a1d,2025-04-29 09:29:27,QUIT,,
2e01a8,2025-04-29 10:18:20,OPEN,,
d82a8b,2025-04-29 10:22:01,SELF,queimada,"{c:100,a:5,s:4}"
426ac2,2025-04-29 10:22:31,SELF,fractais,"{c:30,a:3,s:1}"
633a1f,2025-04-29 10:22:59,PICK,triangulo,
36e138,2025-04-29 10:23:01,BACK,triangulo,
d8b5bc,2025-04-29 10:23:10,SELF,triangulo,"{c:100,a:5,s:4}"
0de033,2025-04-29 10:23:12,PICK,triangulo,
ebf0ec,2025-04-29 10:23:22,TEST,triangulo,0
bee8fd,2025-04-29 10:23:23,BACK,triangulo,
56eb23,2025-04-29 10:23:24,PICK,triangulo,
8d8a00,2025-04-29 10:24:07,BACK,triangulo,
92cd5d,2025-04-29 10:24:12,SELF,triangulo,"{c:0,a:5,s:5}"
6deb77,2025-04-29 10:24:20,SELF,treinando,"{c:100,a:5,s:5}"
650cb1,2025-04-29 10:24:27,SELF,queimada,"{c:100,a:5,s:4}"
e3ba71,2025-04-29 10:24:33,QUIT,,
7a1bf8,2025-04-29 10:29:20,OPEN,,
535765,2025-04-29 10:36:44,QUIT,,
8ecb59,2025-04-29 11:20:02,OPEN,,
fa2761,2025-04-29 11:20:18,DOWN,vetbuild,
4d918e,2025-04-29 11:20:22,PICK,vetbuild,
e62c23,2025-04-29 11:34:55,BACK,vetbuild,
793404,2025-04-29 11:35:31,QUIT,,
6ed401,2025-04-30 10:25:43,OPEN,,
06f123,2025-04-30 10:36:52,PICK,priminhos,
b423a2,2025-04-30 10:36:56,BACK,priminhos,
b71be5,2025-04-30 10:37:13,SELF,priminhos,"{c:100,a:6,s:5}"
b146f9,2025-04-30 10:37:19,PICK,priminhos,
117b0a,2025-04-30 10:41:00,TEST,priminhos,0
4f2526,2025-04-30 10:41:03,TEST,priminhos,0
082198,2025-04-30 10:41:08,TEST,priminhos,0
29f49c,2025-04-30 10:41:11,BACK,priminhos,
5e2ec3,2025-04-30 10:44:54,PICK,priminhos,
ef4f2f,2025-04-30 10:44:58,TEST,priminhos,0
c464b5,2025-04-30 10:45:00,TEST,priminhos,100
fbe119,2025-04-30 10:45:03,BACK,priminhos,
c9d612,2025-04-30 10:45:10,PICK,enesimo,
5a0597,2025-04-30 10:46:11,TEST,enesimo,100
64c992,2025-04-30 10:46:13,BACK,enesimo,
ac6068,2025-04-30 10:46:16,PICK,enesimo,
fdc619,2025-04-30 10:46:34,TEST,enesimo,0
55ade3,2025-04-30 10:46:40,TEST,enesimo,0
c257ce,2025-04-30 10:46:51,TEST,enesimo,0
0d17af,2025-04-30 10:46:56,TEST,enesimo,0
481029,2025-04-30 10:47:02,TEST,enesimo,0
589641,2025-04-30 10:47:32,TEST,enesimo,100
f5bf3c,2025-04-30 10:47:32,BACK,enesimo,
0b2626,2025-04-30 10:47:50,PICK,vetbuild,
443b1a,2025-04-30 11:00:53,TEST,vetbuild,16
ec72ba,2025-04-30 11:10:42,TEST,vetbuild,33
187f29,2025-04-30 11:26:32,TEST,vetbuild,0
b8a550,2025-04-30 11:26:38,TEST,vetbuild,41
3cb3d9,2025-04-30 11:28:56,TEST,vetbuild,0
ef309a,2025-04-30 11:28:57,TEST,vetbuild,0
7c51c0,2025-04-30 11:30:22,TEST,vetbuild,41
767784,2025-05-03 14:28:49,OPEN,,
b6c5e5,2025-05-03 14:29:23,PICK,vetbuild,
2250c3,2025-05-03 14:29:46,OPEN,,
320959,2025-05-03 14:29:47,PICK,vetbuild,
d84532,2025-05-03 14:29:53,TEST,vetbuild,41
a926ac,2025-05-03 14:29:55,BACK,vetbuild,
b828da,2025-05-03 14:29:58,QUIT,,
1a0f1b,2025-05-03 14:30:09,OPEN,,
b3f981,2025-05-03 14:30:11,PICK,vetbuild,
a0cd30,2025-05-03 14:30:16,TEST,vetbuild,41
a65eae,2025-05-03 14:37:19,TEST,vetbuild,50
dca0fd,2025-05-03 14:41:04,TEST,vetbuild,0
09f321,2025-05-03 14:41:09,TEST,vetbuild,58
1a11a0,2025-05-03 14:41:35,TEST,vetbuild,58
26a937,2025-05-03 14:41:53,BACK,vetbuild,
cf4594,2025-05-03 14:42:19,PICK,distancia,
91e0df,2025-05-03 14:52:32,TEST,distancia,0
8aeecd,2025-05-03 14:52:39,TEST,distancia,0
423fc6,2025-05-03 14:54:17,TEST,distancia,0
019308,2025-05-03 14:54:31,TEST,distancia,0
51aa3f,2025-05-03 14:55:09,TEST,distancia,0
477972,2025-05-03 14:55:33,TEST,distancia,0
7f6a7c,2025-05-03 14:57:21,TEST,distancia,0
3f909e,2025-05-03 14:57:24,TEST,distancia,0
9fa9f2,2025-05-03 14:57:40,TEST,distancia,0
10c828,2025-05-03 14:58:02,TEST,distancia,0
96c8f7,2025-05-03 14:58:04,TEST,distancia,0
d594ce,2025-05-03 14:58:26,TEST,distancia,0
b2b012,2025-05-03 14:58:44,TEST,distancia,0
10157c,2025-05-03 14:59:29,TEST,distancia,0
b5a0b8,2025-05-03 15:00:04,TEST,distancia,0
e3c4ca,2025-05-03 15:01:33,BACK,distancia,
c76167,2025-05-03 17:10:07,QUIT,,
785d98,2025-05-03 20:09:18,OPEN,,
587d22,2025-05-03 20:09:29,PICK,vetbuild,
e02042,2025-05-03 20:10:41,TEST,vetbuild,58
a4a46b,2025-05-03 20:12:41,TEST,vetbuild,66
a8d8f4,2025-05-03 20:22:47,TEST,vetbuild,0
2f46f8,2025-05-03 20:22:48,TEST,vetbuild,0
7a02a6,2025-05-03 20:24:27,TEST,vetbuild,0
bad68a,2025-05-03 20:24:32,TEST,vetbuild,75
9c03c8,2025-05-03 20:26:22,BACK,vetbuild,
711326,2025-05-05 09:54:25,OPEN,,
b32ebe,2025-05-05 09:54:40,PICK,distancia,
bb78e4,2025-05-05 09:54:52,TEST,distancia,0
14c770,2025-05-05 09:54:57,TEST,distancia,0
67608f,2025-05-05 10:06:12,TEST,distancia,0
80e6db,2025-05-05 10:06:16,TEST,distancia,100
9e7dae,2025-05-05 10:06:24,BACK,distancia,
f5c6f0,2025-05-05 10:07:01,SELF,distancia,"{c:100,a:5,s:5}"
983405,2025-05-05 10:07:18,SELF,rotacoes,"{c:100,a:5,s:4}"
5fa124,2025-05-05 10:08:00,SELF,apagando,"{c:100,a:4,s:5}"
aa9bad,2025-05-05 10:17:26,QUIT,,
7241d2,2025-05-05 10:18:02,OPEN,,
55ae59,2025-05-05 10:18:21,SELF,princesa,"{c:100,a:5,s:5}"
820d4a,2025-05-05 10:18:29,SELF,apagando,"{c:100,a:4,s:5}"
c34555,2025-05-05 10:18:39,SELF,especiais,"{c:100,a:5,s:5}"
33eb8c,2025-05-05 10:18:53,SELF,rotacoes,"{c:100,a:5,s:5}"
be9064,2025-05-05 10:19:24,PICK,vetbuild,
8a7670,2025-05-05 10:19:26,BACK,vetbuild,
95b20b,2025-05-05 10:19:27,PICK,vetbuild,
e6d24a,2025-05-05 10:19:30,TEST,vetbuild,0
5f4015,2025-05-05 10:19:35,TEST,vetbuild,75
12fbe3,2025-05-05 10:19:41,TEST,vetbuild,75
c52ea9,2025-05-05 10:22:38,TEST,vetbuild,83
849ce1,2025-05-05 10:35:21,FREE,vetbuild,
066d33,2025-05-05 10:35:30,OPEN,,
092a4b,2025-05-05 10:35:36,PICK,vetbuild,
c8f192,2025-05-05 10:35:37,TEST,vetbuild,0
9be4fc,2025-05-05 10:36:02,TEST,vetbuild,91
4269a9,2025-05-05 10:39:19,TEST,vetbuild,100
597f04,2025-05-05 10:40:03,BACK,vetbuild,
458a3a,2025-05-05 10:40:45,SELF,vetbuild,"{c:100,a:4,s:4}"
da4ede,2025-05-05 10:40:54,SELF,vetbuild,"{c:100,a:5,s:4}"
3b3747,2025-05-05 10:41:19,SELF,fractais,"{c:20,a:3,s:1}"
57992b,2025-05-05 10:41:29,SELF,fractais,"{c:20,a:3,s:1}"
a85a1b,2025-05-05 10:41:33,DOWN,sudoku,
fbf04d,2025-05-05 10:47:01,SELF,sudoku,"{c:0,a:0,s:0}"
c0b341,2025-05-05 10:47:03,PICK,sudoku,
29213a,2025-05-05 16:45:02,BACK,sudoku,
60f720,2025-05-05 17:07:28,PICK,sudoku,
a2a97b,2025-05-05 17:07:31,TEST,sudoku,0
9d3fd6,2025-05-05 17:07:35,TEST,sudoku,0
2d0f61,2025-05-05 17:08:16,TEST,sudoku,0
e6f79a,2025-05-05 17:09:20,TEST,sudoku,0
010b81,2025-05-05 17:10:19,TEST,sudoku,0
518860,2025-05-05 17:11:05,TEST,sudoku,0
a4be75,2025-05-05 17:11:48,TEST,sudoku,0
b7529f,2025-05-05 17:14:12,TEST,sudoku,0
5ee37e,2025-05-05 17:14:21,TEST,sudoku,0
9e8018,2025-05-05 17:14:31,TEST,sudoku,0
731b84,2025-05-05 17:14:41,TEST,sudoku,0
d75e1f,2025-05-05 17:14:50,TEST,sudoku,0
7491ab,2025-05-05 17:15:27,TEST,sudoku,0
78cb35,2025-05-05 17:15:57,TEST,sudoku,0
18712b,2025-05-05 17:16:19,TEST,sudoku,0
abe907,2025-05-05 17:16:28,TEST,sudoku,0
743a29,2025-05-05 17:16:56,TEST,sudoku,0
c5c4e5,2025-05-05 17:17:22,TEST,sudoku,0
5b9a4c,2025-05-05 17:17:32,TEST,sudoku,0
569155,2025-05-05 17:17:39,TEST,sudoku,0
730fc2,2025-05-05 17:17:53,TEST,sudoku,0
cbed8e,2025-05-05 17:18:56,TEST,sudoku,0
b94180,2025-05-05 17:20:40,TEST,sudoku,80
a16e9e,2025-05-05 17:20:44,BACK,sudoku,
b0dbce,2025-05-05 17:20:56,SELF,sudoku,"{c:80,a:0,s:0}"
50af1d,2025-05-05 17:20:58,PICK,sudoku,
8074cb,2025-05-05 17:21:24,BACK,sudoku,
351f28,2025-05-05 17:22:13,SELF,sudoku,"{c:80,a:4,s:2}"
92bec4,2025-05-05 17:22:18,SELF,sudoku,"{c:80,a:4,s:2}"
ff119b,2025-05-05 17:22:34,SELF,fractais,"{c:20,a:3,s:1}"
3b5ef9,2025-05-05 17:22:39,SELF,fractais,"{c:20,a:3,s:2}"
2a8569,2025-05-05 17:25:17,DOWN,setbuild,
667c7c,2025-05-05 17:25:18,PICK,setbuild,
3c89d7,2025-05-06 10:06:11,OPEN,,
0a9365,2025-05-06 10:34:55,PICK,setbuild,
7263c6,2025-05-06 10:46:13,BACK,setbuild,
263f7f,2025-05-06 10:47:44,PICK,distancia,
1704d6,2025-05-06 10:48:56,BACK,distancia,
28695e,2025-05-06 10:49:04,QUIT,,
1a77bf,2025-05-06 10:49:32,OPEN,,
a4f4a4,2025-05-06 10:49:48,QUIT,,
65f05a,2025-05-06 10:50:22,OPEN,,
f1afea,2025-05-06 10:50:32,PICK,distancia,
3a79ff,2025-05-06 10:50:57,BACK,distancia,
4dbf7d,2025-05-06 10:51:04,PICK,setbuild,
b7e045,2025-05-06 10:51:13,TEST,setbuild,0
f5379f,2025-05-06 10:51:16,TEST,setbuild,0
308894,2025-05-06 11:08:43,TEST,setbuild,0
be56ee,2025-05-06 11:08:46,TEST,setbuild,0
885003,2025-05-06 11:09:32,TEST,setbuild,0
f22fb9,2025-05-06 11:09:35,TEST,setbuild,0
a92741,2025-05-06 11:09:50,TEST,setbuild,0
2041ef,2025-05-06 11:09:53,TEST,setbuild,0
cfda6e,2025-05-06 11:10:43,TEST,setbuild,0
a81763,2025-05-06 11:10:46,TEST,setbuild,0
4e40b0,2025-05-06 11:16:41,BACK,setbuild,
dc67aa,2025-05-06 11:19:53,PICK,setbuild,
045d91,2025-05-06 11:19:56,TEST,setbuild,0
9d4fa7,2025-05-06 11:19:59,TEST,setbuild,0
05f8e6,2025-05-06 11:23:43,TEST,setbuild,0
8d117a,2025-05-06 11:23:46,TEST,setbuild,0
1a4e39,2025-05-06 11:24:04,TEST,setbuild,0
8641d1,2025-05-06 11:24:06,TEST,setbuild,0
00b6b1,2025-05-06 11:25:00,TEST,setbuild,0
b7fa95,2025-05-06 11:25:03,TEST,setbuild,0
128f61,2025-05-06 11:25:36,TEST,setbuild,0
27fcdf,2025-05-06 11:25:39,TEST,setbuild,0
133c1c,2025-05-06 11:26:11,TEST,setbuild,0
1e09c1,2025-05-06 11:26:20,TEST,setbuild,0
43ef2b,2025-05-06 11:30:30,TEST,setbuild,0
f9a4e7,2025-05-06 11:30:32,TEST,setbuild,0
f8a2a2,2025-05-06 11:36:17,BACK,setbuild,
6a6d54,2025-05-06 11:36:24,PICK,sudoku,
714944,2025-05-06 11:36:27,TEST,sudoku,0
57c121,2025-05-06 11:36:31,TEST,sudoku,80
6c7f01,2025-05-06 11:36:40,BACK,sudoku,
85fc78,2025-05-06 11:36:56,SELF,vetbuild,"{c:100,a:5,s:5}"
be9dab,2025-05-06 11:37:11,PICK,setbuild,
640627,2025-05-06 11:37:12,TEST,setbuild,0
b259c6,2025-05-06 11:47:24,BACK,setbuild,
536138,2025-05-06 11:47:27,QUIT,,
6d9cd7,2025-05-06 20:10:02,OPEN,,
f60b95,2025-05-06 20:10:04,PICK,setbuild,
54b92a,2025-05-06 20:19:40,TEST,setbuild,0
6f5e0b,2025-05-06 20:19:43,TEST,setbuild,0
da31dc,2025-05-06 20:20:10,TEST,setbuild,0
d02f97,2025-05-06 20:20:14,TEST,setbuild,0
bfb066,2025-05-06 20:23:42,TEST,setbuild,0
33eb61,2025-05-06 20:23:46,TEST,setbuild,0
8e72c4,2025-05-08 08:27:51,OPEN,,
2e4a97,2025-05-08 08:28:32,PICK,setbuild,
95915b,2025-05-08 08:28:35,TEST,setbuild,0
477587,2025-05-08 08:28:38,TEST,setbuild,0
8180c8,2025-05-08 08:30:57,TEST,setbuild,0
cc0998,2025-05-08 08:31:16,TEST,setbuild,0
1e0cf2,2025-05-08 08:31:17,TEST,setbuild,0
e91b84,2025-05-08 11:24:17,OPEN,,
7ad9bd,2025-05-08 11:24:23,QUIT,,
d00ea5,2025-05-09 10:08:19,OPEN,,
f6dede,2025-05-09 10:08:50,PICK,setbuild,
437721,2025-05-09 10:10:13,TEST,setbuild,0
1ef630,2025-05-09 10:10:16,TEST,setbuild,0
425e23,2025-05-12 09:23:11,OPEN,,
cdba78,2025-05-13 08:11:07,OPEN,,
cc96e3,2025-05-13 08:11:10,PICK,setbuild,
24bef8,2025-05-13 08:13:51,TEST,setbuild,0
6d040a,2025-05-13 08:13:53,TEST,setbuild,0
b2ad17,2025-05-13 08:18:25,TEST,setbuild,0
c9a710,2025-05-13 08:18:28,TEST,setbuild,0
0978ad,2025-05-13 08:18:55,TEST,setbuild,0
b39f30,2025-05-13 08:18:58,TEST,setbuild,0
9273e7,2025-05-13 08:23:15,FREE,setbuild,
bc19c5,2025-05-13 08:26:03,OPEN,,
27487f,2025-05-13 08:26:06,PICK,setbuild,
a5d603,2025-05-13 08:26:09,TEST,setbuild,0
1c5960,2025-05-13 08:26:59,TEST,setbuild,0
603e72,2025-05-13 08:27:33,TEST,setbuild,0
cab6da,2025-05-13 08:27:46,TEST,setbuild,0
17b249,2025-05-13 08:28:19,FREE,setbuild,
6ab808,2025-05-13 08:28:40,OPEN,,
d23750,2025-05-13 08:30:23,OPEN,,
c54c94,2025-05-13 08:30:38,QUIT,,
642df9,2025-05-13 08:31:01,OPEN,,
f58d03,2025-05-13 08:31:11,PICK,setbuild,
f4099d,2025-05-13 08:31:29,TEST,setbuild,0
e50350,2025-05-13 08:34:49,TEST,setbuild,0
edf4a4,2025-05-13 08:35:18,TEST,setbuild,0
c8b7c8,2025-05-13 08:36:31,TEST,setbuild,0
35f091,2025-05-13 08:36:58,TEST,setbuild,0
385829,2025-05-13 08:39:36,TEST,setbuild,0
eb40f8,2025-05-13 08:39:53,TEST,setbuild,0
6b7ef5,2025-05-13 08:40:18,TEST,setbuild,0
30ec19,2025-05-13 09:00:02,TEST,setbuild,0
7e6f0d,2025-05-13 09:00:29,TEST,setbuild,0
a40986,2025-05-13 09:03:14,TEST,setbuild,0
d686b9,2025-05-13 10:20:53,BACK,setbuild,
bf2819,2025-05-13 10:40:38,QUIT,,
ba638b,2025-05-13 10:40:49,OPEN,,
4769a5,2025-05-13 10:43:33,PICK,salaAtividade,
55e41d,2025-05-13 10:52:33,OPEN,,
fe956f,2025-05-13 10:52:35,PICK,salaAtividade,
a122b7,2025-05-13 10:53:19,OPEN,,
90c97f,2025-05-13 10:53:33,PICK,salaAtividade,
763bfe,2025-05-14 10:20:51,OPEN,,
0e4365,2025-05-14 10:32:17,QUIT,,
9a1663,2025-05-14 10:32:22,OPEN,,
0859b6,2025-05-14 10:46:28,QUIT,,
824827,2025-05-14 11:17:23,OPEN,,
7a6c5e,2025-05-14 11:18:06,DOWN,vetequals,
a4a018,2025-05-14 11:18:07,PICK,vetequals,
81caec,2025-05-14 11:18:59,BACK,vetequals,
746b4b,2025-05-14 11:19:01,QUIT,,
cf38e9,2025-05-14 11:19:51,OPEN,,
92bb1c,2025-05-14 11:20:07,PICK,vetequals,
bade96,2025-05-14 11:26:53,TEST,vetequals,20
45485a,2025-05-14 11:30:57,TEST,vetequals,80
8ca3da,2025-05-14 11:31:28,TEST,vetequals,80
c6982b,2025-05-14 11:31:51,TEST,vetequals,30
25970e,2025-05-14 11:32:16,TEST,vetequals,80
04cc5c,2025-05-14 11:33:06,TEST,vetequals,20
d70b15,2025-05-14 11:33:56,TEST,vetequals,80
a5fe94,2025-05-14 11:34:33,TEST,vetequals,20
c4370f,2025-05-14 11:34:48,TEST,vetequals,80
f6ee19,2025-05-14 11:35:14,TEST,vetequals,70
947c6a,2025-05-14 11:36:07,TEST,vetequals,80
c86b22,2025-05-14 11:38:26,TEST,vetequals,80
c79a99,2025-05-14 11:40:40,TEST,vetequals,80
8541a0,2025-05-14 11:40:50,TEST,vetequals,80
ce3259,2025-05-14 11:41:25,TEST,vetequals,100
ea5761,2025-05-14 11:44:34,BACK,vetequals,
a1479d,2025-05-14 11:45:00,SELF,vetequals,"{c:100,a:6,s:5}"
5f051d,2025-05-14 11:45:10,QUIT,,
1f7747,2025-05-18 17:53:50,OPEN,,
e79efb,2025-05-18 17:54:14,PICK,setbuild,
94c272,2025-05-19 08:06:48,OPEN,,
6d54c0,2025-05-19 08:09:22,PICK,setbuild,
096103,2025-05-19 08:09:27,TEST,setbuild,0
ddc82b,2025-05-19 08:09:30,TEST,setbuild,0
609894,2025-05-19 08:11:07,TEST,setbuild,0
52f7fc,2025-05-19 08:11:08,TEST,setbuild,0
e675fa,2025-05-19 08:11:34,TEST,setbuild,0
26dcef,2025-05-19 08:11:57,TEST,setbuild,0
aefbbe,2025-05-19 08:12:00,TEST,setbuild,0
605424,2025-05-19 08:26:58,OPEN,,
857b04,2025-05-19 08:29:18,PICK,setbuild,
6aff8b,2025-05-19 08:29:21,TEST,setbuild,0
fb4561,2025-05-19 08:29:24,TEST,setbuild,0
fabdeb,2025-05-19 08:29:45,TEST,setbuild,0
086d12,2025-05-19 08:29:47,TEST,setbuild,0
ab41d8,2025-05-19 08:31:58,TEST,setbuild,0
921eb5,2025-05-19 08:32:00,TEST,setbuild,0
6ecfcb,2025-05-19 08:32:30,TEST,setbuild,0
e0af9b,2025-05-19 08:32:33,TEST,setbuild,0
7f5455,2025-05-19 08:33:28,TEST,setbuild,0
46a21a,2025-05-19 08:33:31,TEST,setbuild,0
460d9f,2025-05-19 08:35:04,TEST,setbuild,0
b56e82,2025-05-19 08:35:06,TEST,setbuild,0
544a1e,2025-05-19 08:35:26,TEST,setbuild,0
e90951,2025-05-19 08:35:28,TEST,setbuild,0
5b07cc,2025-05-19 08:35:44,TEST,setbuild,0
4faab1,2025-05-19 08:35:47,TEST,setbuild,0
c48067,2025-05-19 08:36:09,TEST,setbuild,0
e8b338,2025-05-19 08:36:12,TEST,setbuild,0
d22920,2025-05-19 08:37:07,TEST,setbuild,0
8dbbe7,2025-05-19 08:37:08,TEST,setbuild,0
6ad0d3,2025-05-19 08:37:10,TEST,setbuild,0
8d17c8,2025-05-19 08:49:58,TEST,setbuild,0
c3d918,2025-05-19 08:50:03,TEST,setbuild,0
1a09c1,2025-05-19 08:50:06,TEST,setbuild,0
08950f,2025-05-19 10:04:41,OPEN,,
508139,2025-05-19 10:05:10,DOWN,magicsearch,
abbcb9,2025-05-19 10:05:11,PICK,magicsearch,
6685e8,2025-05-19 10:14:20,TEST,magicsearch,0
7c19f0,2025-05-19 10:14:27,TEST,magicsearch,22
875999,2025-05-19 10:31:09,TEST,magicsearch,0
6a3639,2025-05-19 10:31:15,TEST,magicsearch,44
b5c791,2025-05-19 10:31:32,TEST,magicsearch,0
bc0024,2025-05-19 10:31:37,TEST,magicsearch,88
602fc3,2025-05-19 10:32:13,TEST,magicsearch,0
5e1a32,2025-05-19 10:32:18,TEST,magicsearch,88
c8416a,2025-05-19 10:32:21,TEST,magicsearch,88
2bc92c,2025-05-19 10:41:36,TEST,magicsearch,0
6455ee,2025-05-19 10:41:41,TEST,magicsearch,100
092abd,2025-05-19 10:41:46,TEST,magicsearch,100
cfc0f5,2025-05-19 10:41:48,BACK,magicsearch,
392964,2025-05-19 10:42:19,SELF,magicsearch,"{c:100,a:6,s:5}"
89477d,2025-05-19 10:43:02,SELF,magicsearch,"{c:100,a:6,s:5}"
7748b8,2025-05-19 10:43:07,DOWN,multiset,
2bde09,2025-05-20 10:53:53,OPEN,,
7889d5,2025-05-20 10:54:10,PICK,multiset,
e07913,2025-05-20 11:21:36,BACK,multiset,
331e55,2025-05-20 11:21:42,QUIT,,
9cf5c9,2025-05-20 11:21:58,OPEN,,
40670f,2025-05-20 11:22:24,SELF,multiset,"{c:10,a:0,s:0}"
cac9b1,2025-05-20 11:22:33,SELF,vetbuild,"{c:100,a:6,s:5}"
ba9651,2025-05-20 11:22:51,PICK,multiset,
b2c7dc,2025-05-20 11:25:26,TEST,multiset,0
b25d35,2025-05-20 11:25:28,TEST,multiset,0
6771e2,2025-05-20 11:25:38,TEST,multiset,16
5e2d85,2025-05-20 11:26:05,TEST,multiset,16
c7ec2a,2025-05-20 11:27:40,TEST,multiset,16
e24629,2025-05-20 11:28:48,TEST,multiset,16
48c02d,2025-05-20 11:29:00,TEST,multiset,33
e9b77b,2025-05-20 11:29:31,TEST,multiset,33
9936c2,2025-05-20 11:30:04,TEST,multiset,50
5aabe9,2025-05-20 11:30:20,BACK,multiset,
3afac7,2025-05-20 11:30:27,SELF,multiset,"{c:50,a:0,s:0}"
186fcc,2025-05-20 11:42:45,PICK,multiset,
d88b1a,2025-05-20 11:48:58,TEST,multiset,50
d126af,2025-05-20 11:50:01,TEST,multiset,50
578b20,2025-05-20 11:50:31,TEST,multiset,66
3d26e1,2025-05-20 11:53:02,TEST,multiset,66
fd3bb9,2025-05-20 11:53:45,TEST,multiset,66
cdb29b,2025-05-20 11:54:57,TEST,multiset,83
905f41,2025-05-20 11:55:12,TEST,multiset,83
c8bce3,2025-05-20 11:55:38,TEST,multiset,83
cf193b,2025-05-20 11:55:53,TEST,multiset,83
68b721,2025-05-20 11:56:41,TEST,multiset,100
e4c166,2025-05-20 11:56:44,TEST,multiset,100
aace4f,2025-05-20 11:56:44,BACK,multiset,
d268c0,2025-05-20 11:56:55,SELF,multiset,"{c:100,a:6,s:5}"
28df0e,2025-05-20 11:56:59,DOWN,iterador,
a98c7e,2025-05-20 11:58:44,QUIT,,
34eb31,2025-05-25 17:39:27,OPEN,,
4d9494,2025-05-25 17:40:11,OPEN,,
81a513,2025-05-25 17:40:27,PICK,iterador,
aaa2dc,2025-05-25 17:51:58,BACK,iterador,
a54d06,2025-05-25 17:52:00,PICK,iterador,
f1884c,2025-05-25 17:53:56,BACK,iterador,
d5044b,2025-05-25 17:54:45,SELF,ListalinkadaIdavolta,"{c:100,a:0,s:0}"
e3838a,2025-05-25 17:54:54,SELF,ListalinkadaIdavolta,"{c:0,a:0,s:0}"
1746da,2025-05-25 17:55:16,PICK,iterador,
2ab894,2025-05-25 18:14:25,TEST,iterador,0
a93310,2025-05-25 18:14:34,TEST,iterador,0
eb11e1,2025-05-25 19:02:26,TEST,iterador,0
7370b8,2025-05-25 19:02:51,TEST,iterador,0
b5af86,2025-05-25 19:04:00,TEST,iterador,0
dddafc,2025-05-25 19:08:18,TEST,iterador,0
7eb474,2025-05-25 19:09:11,TEST,iterador,0
06f164,2025-05-25 19:09:22,TEST,iterador,0
d2fe59,2025-05-25 19:10:26,TEST,iterador,0
64b48f,2025-05-25 19:10:42,TEST,iterador,0
13485f,2025-05-25 19:11:19,TEST,iterador,0
70c5b3,2025-05-25 19:11:46,TEST,iterador,0
6f7098,2025-05-25 19:12:11,TEST,iterador,0
7f0801,2025-05-25 19:12:33,TEST,iterador,0
23d64f,2025-05-25 19:13:08,TEST,iterador,0
c23a64,2025-05-25 19:13:25,TEST,iterador,0
482b67,2025-05-25 19:14:04,TEST,iterador,0
af954a,2025-05-25 19:14:14,TEST,iterador,0
84499b,2025-05-25 19:15:59,TEST,iterador,0
5e04e3,2025-05-25 19:16:38,TEST,iterador,0
1d40ae,2025-05-25 19:17:07,TEST,iterador,0
f7bd69,2025-05-25 19:17:16,TEST,iterador,33
0ebc4b,2025-05-25 19:19:17,TEST,iterador,66
2588d7,2025-05-25 19:19:40,TEST,iterador,66
a5f3d1,2025-05-25 19:19:55,TEST,iterador,66
ad71c1,2025-05-25 19:21:24,TEST,iterador,66
05fce0,2025-05-25 19:21:43,TEST,iterador,66
36e941,2025-05-25 19:23:12,TEST,iterador,66
fa857c,2025-05-25 19:24:34,TEST,iterador,100
ad3e64,2025-05-25 19:24:45,BACK,iterador,
5af60c,2025-05-25 19:25:03,SELF,iterador,"{c:100,a:6,s:5}"
3bf045,2025-05-25 19:25:30,PICK,setbuild,
0c8f1d,2025-05-25 19:26:28,TEST,setbuild,0
05033f,2025-05-25 19:26:30,TEST,setbuild,0
1eda24,2025-05-25 19:26:49,TEST,setbuild,0
6e509f,2025-05-25 19:27:19,TEST,setbuild,0
35e75f,2025-05-25 19:27:22,TEST,setbuild,0
7133ee,2025-05-25 19:28:11,TEST,setbuild,100
c0223f,2025-05-25 19:29:56,TEST,setbuild,0
9fca3a,2025-05-25 19:30:03,TEST,setbuild,0
6f038e,2025-05-25 19:30:11,TEST,setbuild,0
41378b,2025-05-25 19:30:31,TEST,setbuild,100
2f1d65,2025-05-25 19:30:37,BACK,setbuild,
aff957,2025-05-25 19:31:03,SELF,setbuild,"{c:100,a:6,s:5}"
5c4fe0,2025-05-25 19:31:10,DOWN,bettersearch,
f17488,2025-05-25 19:35:44,DOWN,lista_d1,
5b02ab,2025-05-25 19:36:02,PICK,lista_d1,
7b3733,2025-05-25 19:36:03,BACK,lista_d1,
abca27,2025-05-25 19:36:05,QUIT,,
d762b6,2025-05-26 07:39:36,OPEN,,
d59821,2025-05-26 07:39:40,PICK,lista_d1,
0e3479,2025-05-26 08:05:44,BACK,lista_d1,
f3fef9,2025-05-26 08:22:47,PICK,lista_d1,
c74b9b,2025-05-26 08:22:55,TEST,lista_d1,0
3b5fd5,2025-05-26 08:22:56,TEST,lista_d1,0
e2f891,2025-05-26 08:23:42,TEST,lista_d1,0
95f78e,2025-05-26 08:23:44,TEST,lista_d1,0
69e58d,2025-05-26 08:24:09,TEST,lista_d1,0
9786b9,2025-05-26 08:26:54,TEST,lista_d1,0
5127d6,2025-05-26 08:27:21,TEST,lista_d1,14
4560b0,2025-05-26 08:27:56,TEST,lista_d1,14
1acfdf,2025-05-26 08:30:24,TEST,lista_d1,14
c19200,2025-05-26 08:32:19,TEST,lista_d1,14
17cbf7,2025-05-26 08:33:35,BACK,lista_d1,
fa7ead,2025-05-26 08:33:37,PICK,lista_d1,
2a6815,2025-05-26 10:29:06,TEST,lista_d1,14
4e61a3,2025-05-26 10:29:41,TEST,lista_d1,14
366ddd,2025-05-26 10:30:22,TEST,lista_d1,14
e90b16,2025-05-26 10:30:23,TEST,lista_d1,14
8923c8,2025-05-26 10:30:45,BACK,lista_d1,
86b99b,2025-05-27 09:09:05,OPEN,,
e4d0fa,2025-05-27 09:09:56,PICK,lista_d1,
96e7d7,2025-05-27 09:10:10,TEST,lista_d1,14
c766ce,2025-05-27 09:12:59,TEST,lista_d1,14
c18415,2025-05-27 09:22:59,TEST,lista_d1,0
046bfd,2025-05-27 09:23:46,TEST,lista_d1,14
b0a66b,2025-05-27 09:25:59,TEST,lista_d1,14
f07ff1,2025-05-27 09:26:51,TEST,lista_d1,14
46e493,2025-05-27 09:27:18,TEST,lista_d1,14
497198,2025-05-27 09:28:34,TEST,lista_d1,14
3919f0,2025-05-27 09:28:52,TEST,lista_d1,14
b72944,2025-05-27 10:50:53,BACK,lista_d1,
e2a175,2025-05-27 10:52:40,PICK,lista_d1,
71bf63,2025-05-27 10:53:01,TEST,lista_d1,14
dbfbfa,2025-05-27 10:59:51,TEST,lista_d1,14
f9ca78,2025-05-27 11:00:21,TEST,lista_d1,14
e95e57,2025-05-27 11:07:04,TEST,lista_d1,14
5b7be0,2025-05-27 11:07:54,TEST,lista_d1,14
84691a,2025-05-27 11:08:51,TEST,lista_d1,14
e6aff4,2025-05-27 11:09:18,TEST,lista_d1,14
a44e1e,2025-05-27 11:09:51,TEST,lista_d1,14
66331a,2025-05-27 11:11:06,TEST,lista_d1,14
f7a318,2025-05-27 11:12:54,TEST,lista_d1,14
fd9dcb,2025-05-27 11:13:32,TEST,lista_d1,14
305c70,2025-05-27 11:13:44,TEST,lista_d1,14
086b2f,2025-05-27 11:13:58,TEST,lista_d1,14
4821e6,2025-05-27 11:14:31,TEST,lista_d1,14
e55744,2025-05-27 11:14:41,TEST,lista_d1,14
be1533,2025-05-27 11:14:57,TEST,lista_d1,14
33891a,2025-05-27 11:15:12,TEST,lista_d1,14
5b6bd2,2025-05-27 11:16:10,TEST,lista_d1,14
d8b5a7,2025-05-27 11:16:32,TEST,lista_d1,14
765540,2025-05-27 11:16:54,TEST,lista_d1,0
9f40cf,2025-05-27 11:17:05,TEST,lista_d1,14
ba8843,2025-05-27 11:17:32,TEST,lista_d1,14
0384c4,2025-05-27 11:18:57,TEST,lista_d1,14
da7a26,2025-05-27 11:19:12,TEST,lista_d1,14
2c5d33,2025-05-27 11:19:26,TEST,lista_d1,14
a78b95,2025-05-27 11:19:58,TEST,lista_d1,42
26ad1b,2025-05-27 11:20:00,TEST,lista_d1,42
c53cca,2025-05-27 11:21:12,TEST,lista_d1,42
17589b,2025-05-27 11:21:38,TEST,lista_d1,71
32f4c5,2025-05-27 11:23:00,TEST,lista_d1,71
6aada9,2025-05-27 11:23:09,TEST,lista_d1,85
d96a96,2025-05-27 11:24:14,TEST,lista_d1,85
c55ad5,2025-05-27 11:24:23,TEST,lista_d1,100
210c65,2025-05-27 11:24:27,BACK,lista_d1,
fef554,2025-05-27 11:24:46,SELF,lista_d1,"{c:100,a:6,s:5}"
f69ebd,2025-05-27 11:24:55,DOWN,lista_d2,
9e3a98,2025-05-27 11:25:01,QUIT,,
8365ca,2025-05-28 08:24:46,OPEN,,
c82376,2025-05-28 08:24:57,PICK,lista_d2,
209ae9,2025-05-28 08:25:09,BACK,lista_d2,
c72fff,2025-05-28 08:25:13,PICK,lista_d2,
5aff04,2025-05-28 08:39:29,TEST,lista_d2,0
c44261,2025-05-28 08:39:32,TEST,lista_d2,0
172d31,2025-05-28 08:42:35,TEST,lista_d2,20
efca8f,2025-05-28 11:28:49,TEST,lista_d2,20
0e508c,2025-05-28 11:29:26,TEST,lista_d2,20
b52bed,2025-05-28 11:29:44,TEST,lista_d2,20
abd48a,2025-05-28 11:30:01,OPEN,,
1dab61,2025-05-28 11:30:14,PICK,lista_d2,
5a0e6e,2025-05-28 11:30:17,TEST,lista_d2,20
b9918d,2025-05-28 11:30:43,TEST,lista_d2,20
3ae6ec,2025-05-28 11:31:02,TEST,lista_d2,20
180945,2025-05-28 11:31:15,TEST,lista_d2,20
e00231,2025-05-28 11:31:34,TEST,lista_d2,40
9f1452,2025-05-28 11:32:33,TEST,lista_d2,40
7116be,2025-05-28 11:34:32,TEST,lista_d2,60
8d17f3,2025-05-28 11:36:19,TEST,lista_d2,60
3d0fc2,2025-05-28 11:37:10,TEST,lista_d2,80
864107,2025-05-28 11:38:23,TEST,lista_d2,100
4815dc,2025-05-28 11:38:41,BACK,lista_d2,
31d9f7,2025-05-28 11:38:54,SELF,lista_d2,"{c:100,a:6,s:5}"
5960e4,2025-05-29 00:44:48,OPEN,,
254fe1,2025-05-29 00:45:14,DOWN,lista_d4,
64bb2b,2025-05-29 00:45:16,QUIT,,
397469,2025-05-29 08:48:48,OPEN,,
1c4c6b,2025-05-29 08:48:59,PICK,lista_d4,
62194b,2025-05-29 08:49:00,FREE,lista_d4,
cc6e23,2025-05-29 08:49:21,OPEN,,
22cc2e,2025-05-29 08:49:50,PICK,lista_d4,
3db223,2025-05-29 08:51:18,TEST,lista_d4,0
28c605,2025-05-29 08:52:12,TEST,lista_d4,66
412ae3,2025-05-29 08:54:32,TEST,lista_d4,100
3e7710,2025-05-29 08:54:40,BACK,lista_d4,
82f8c7,2025-05-29 08:55:01,SELF,lista_d4,"{c:100,a:6,s:5}"
a8513f,2025-05-29 08:55:08,DOWN,prin_list1,
34571e,2025-05-29 08:55:50,PICK,bettersearch,
da1cd5,2025-05-29 08:58:26,TEST,bettersearch,45
12177f,2025-05-29 09:01:22,OPEN,,
af2eba,2025-05-29 09:01:25,PICK,bettersearch,
4cfdf3,2025-05-29 09:01:46,OPEN,,
a598f7,2025-05-29 09:01:49,PICK,bettersearch,
4dd198,2025-05-29 09:13:22,OPEN,,
ff05b1,2025-05-29 09:13:31,PICK,bettersearch,
5f5c8f,2025-05-29 09:14:18,OPEN,,
7a45e2,2025-05-29 09:14:20,PICK,bettersearch,
12588f,2025-05-29 09:14:32,OPEN,,
708f18,2025-05-29 09:14:34,PICK,bettersearch,
81fe80,2025-05-29 09:17:02,OPEN,,
b3c2cb,2025-05-29 09:17:06,PICK,bettersearch,
390ad9,2025-05-29 09:17:07,BACK,bettersearch,
dc22e2,2025-05-29 09:19:12,PICK,bettersearch,
7d28ac,2025-05-29 09:19:47,OPEN,,
df8622,2025-05-29 09:19:50,PICK,bettersearch,
2b52dd,2025-05-29 09:21:02,OPEN,,
ecc759,2025-05-29 09:21:05,PICK,bettersearch,
611a47,2025-05-30 11:41:23,OPEN,,
70f367,2025-05-30 11:42:02,OPEN,,
80f6bc,2025-05-30 11:44:47,OPEN,,
ca127f,2025-05-30 11:44:50,PICK,prin_list1,
7525ce,2025-05-30 11:53:42,TEST,prin_list1,0
327a7e,2025-05-30 11:53:43,TEST,prin_list1,0
40e36c,2025-05-30 14:08:35,TEST,prin_list1,0
a9bbb7,2025-05-30 14:08:39,TEST,prin_list1,0
d3cd59,2025-05-30 14:09:41,TEST,prin_list1,0
e22243,2025-05-30 14:09:52,TEST,prin_list1,0
cf7e99,2025-05-30 14:10:11,TEST,prin_list1,100
7aa2f6,2025-05-30 14:10:20,BACK,prin_list1,
1309db,2025-05-30 14:10:40,SELF,prin_list1,"{c:100,a:6,s:5}"
3debcf,2025-05-30 14:10:51,DOWN,editorint,
9ed348,2025-05-30 14:10:59,PICK,editorint,
9efcc7,2025-05-30 14:13:04,BACK,editorint,
04ee8f,2025-05-30 14:17:59,QUIT,,
53f0a0,2025-05-30 14:24:45,OPEN,,
75ce16,2025-05-30 14:25:27,DOWN,editor,
ae4ee1,2025-05-30 14:25:40,QUIT,,
cd9d5c,2025-05-30 14:26:03,OPEN,,
83f406,2025-05-30 14:26:12,PICK,editorint,
3cda44,2025-05-30 14:30:50,BACK,editorint,
9f88d1,2025-05-30 14:30:52,QUIT,,
2a388a,2025-05-30 14:31:10,OPEN,,
708812,2025-05-30 14:31:12,PICK,editorint,
ff5e52,2025-05-30 14:34:54,BACK,editorint,
1fded4,2025-06-02 09:39:50,OPEN,,
76ef34,2025-06-02 09:40:32,QUIT,,
81d888,2025-06-02 09:42:36,OPEN,,
8aa2d8,2025-06-02 09:42:59,DOWN,lista_d3,
76f573,2025-06-02 09:43:00,PICK,lista_d3,
266828,2025-06-02 09:45:33,BACK,lista_d3,
08a4e5,2025-06-02 09:46:12,PICK,vetequals,
3134ea,2025-06-02 09:46:41,BACK,vetequals,
dd1291,2025-06-02 09:46:59,PICK,lista_d3,
1f8f34,2025-06-02 09:54:28,TEST,lista_d3,0
c255cb,2025-06-02 09:54:28,SIZE,lista_d3,137
775772,2025-06-02 09:54:32,TEST,lista_d3,0
c5676e,2025-06-02 10:07:51,TEST,lista_d3,0
29cbd3,2025-06-02 10:07:51,SIZE,lista_d3,135
085052,2025-06-02 10:08:58,TEST,lista_d3,0
2d7131,2025-06-02 10:08:58,SIZE,lista_d3,135
9d81af,2025-06-02 10:09:33,TEST,lista_d3,0
49945a,2025-06-02 10:09:33,SIZE,lista_d3,135
51e2c5,2025-06-02 10:10:02,TEST,lista_d3,0
42eba5,2025-06-02 10:10:02,SIZE,lista_d3,135
de7ae5,2025-06-02 10:10:18,TEST,lista_d3,0
47ae26,2025-06-02 10:10:18,SIZE,lista_d3,130
d7ad97,2025-06-02 10:10:31,TEST,lista_d3,25
5fbe4c,2025-06-02 10:10:31,SIZE,lista_d3,130
abdc21,2025-06-02 10:14:30,TEST,lista_d3,25
c91113,2025-06-02 10:14:30,SIZE,lista_d3,146
3a6d3e,2025-06-02 10:15:12,TEST,lista_d3,25
cb3aab,2025-06-02 10:15:12,SIZE,lista_d3,146
04e695,2025-06-02 10:17:33,TEST,lista_d3,50
b47147,2025-06-02 10:17:33,SIZE,lista_d3,160
239a1d,2025-06-02 10:31:32,TEST,lista_d3,50
e56b76,2025-06-02 10:31:32,SIZE,lista_d3,181
5f412a,2025-06-02 10:31:47,TEST,lista_d3,50
aa89cb,2025-06-02 10:31:47,SIZE,lista_d3,181
8b6fac,2025-06-02 10:32:02,TEST,lista_d3,50
c5c975,2025-06-02 10:32:02,SIZE,lista_d3,181
b69c50,2025-06-02 10:37:15,TEST,lista_d3,75
e3b01a,2025-06-02 10:37:15,SIZE,lista_d3,170
7bec1d,2025-06-02 10:37:57,TEST,lista_d3,100
4d1f1a,2025-06-02 10:37:57,SIZE,lista_d3,196
9e7236,2025-06-02 10:38:02,BACK,lista_d3,
0c7ef5,2025-06-02 10:38:19,SELF,lista_d3,"{c:100,a:6,s:5,clear:4,fun:5,easy:3}"
9925de,2025-06-02 10:38:31,DOWN,prin_list2,
768743,2025-06-02 10:38:37,PICK,bettersearch,
f7750f,2025-06-02 10:38:53,OPEN,,
068b84,2025-06-02 10:39:04,PICK,bettersearch,
cd8c7d,2025-06-02 10:44:19,OPEN,,
774896,2025-06-02 10:44:22,PICK,bettersearch,
862730,2025-06-02 10:47:07,TEST,bettersearch,100
554fb2,2025-06-02 10:47:07,SIZE,bettersearch,49
3fbe3f,2025-06-02 10:47:10,BACK,bettersearch,
3b7ae6,2025-06-02 10:47:41,SELF,bettersearch,"{c:100,a:6,s:5,clear:4,fun:5,easy:3}"
bb596e,2025-06-02 10:47:58,PICK,prin_list2,
b0bf41,2025-06-02 19:23:04,OPEN,,
4cd0e4,2025-06-02 19:23:28,PICK,prin_list2,
aeeee4,2025-06-02 19:32:02,TEST,prin_list2,0
352931,2025-06-02 19:32:02,SIZE,prin_list2,77
a48c25,2025-06-02 19:32:09,TEST,prin_list2,0
eaad73,2025-06-02 19:32:33,TEST,prin_list2,0
1f22c1,2025-06-02 19:32:33,SIZE,prin_list2,77
f6325e,2025-06-02 19:33:14,TEST,prin_list2,0
23f222,2025-06-02 19:33:14,SIZE,prin_list2,77
71b7e4,2025-06-02 19:33:52,TEST,prin_list2,0
dba8b2,2025-06-02 19:33:52,SIZE,prin_list2,77
4227f6,2025-06-02 19:48:12,TEST,prin_list2,0
62c371,2025-06-02 19:48:12,SIZE,prin_list2,73
1d3e3a,2025-06-02 19:48:17,TEST,prin_list2,0
7dfb6d,2025-06-02 19:49:06,TEST,prin_list2,0
d2e79e,2025-06-02 19:49:06,SIZE,prin_list2,73
877afe,2025-06-02 19:49:10,TEST,prin_list2,0
b8d210,2025-06-02 19:49:14,TEST,prin_list2,0
814cca,2025-06-02 19:49:41,BACK,prin_list2,
3b6ca3,2025-06-03 08:24:04,OPEN,,
4339f5,2025-06-03 08:24:16,QUIT,,
69a991,2025-06-03 08:25:49,OPEN,,
ba0c02,2025-06-03 08:26:25,OPEN,,
9c25e9,2025-06-03 08:27:10,PICK,lista_d4,
a6620f,2025-06-03 08:27:32,BACK,lista_d4,
a30d10,2025-06-03 08:30:18,PICK,lista_d4,
397928,2025-06-03 08:30:20,BACK,lista_d4,
18a615,2025-06-03 08:30:22,PICK,lista_d4,
51359a,2025-06-03 08:31:18,TEST,lista_d4,100
0e7867,2025-06-03 08:31:18,SIZE,lista_d4,147
bf66ec,2025-06-03 08:31:19,BACK,lista_d4,
be8571,2025-06-03 08:31:28,SELF,lista_d4,"{c:100,a:6,s:5,clear:4,fun:4,easy:5}"
ee278a,2025-06-03 08:31:35,SELF,lista_d3,"{c:100,a:6,s:5,clear:4,fun:5,easy:3}"
42c47d,2025-06-03 08:31:41,SELF,prin_list1,"{c:100,a:6,s:5,clear:5,fun:5,easy:5}"
4a983e,2025-06-03 08:31:48,PICK,prin_list1,
f48529,2025-06-03 08:32:44,TEST,prin_list1,100
e794f3,2025-06-03 08:32:44,SIZE,prin_list1,80
960843,2025-06-03 08:32:53,BACK,prin_list1,
caa5c9,2025-06-03 08:32:57,SELF,prin_list1,"{c:100,a:6,s:5,clear:5,fun:5,easy:5}"
f6cd0a,2025-06-03 08:33:11,SELF,lista_d2,"{c:100,a:6,s:5,clear:5,fun:5,easy:5}"
47b786,2025-06-03 08:33:16,PICK,lista_d2,
875124,2025-06-03 08:33:25,BACK,lista_d2,
d7bdde,2025-06-03 08:52:51,PICK,prin_list2,
6a2780,2025-06-03 08:53:22,TEST,prin_list2,0
9d3a20,2025-06-03 08:55:52,TEST,prin_list2,30
42af5c,2025-06-03 08:55:52,SIZE,prin_list2,64
af478c,2025-06-03 08:59:20,TEST,prin_list2,30
451727,2025-06-03 08:59:20,SIZE,prin_list2,68
255da2,2025-06-03 09:00:04,TEST,prin_list2,100
271896,2025-06-03 09:00:04,SIZE,prin_list2,69
9b7463,2025-06-03 09:00:37,TEST,prin_list2,100
3f5cad,2025-06-03 09:00:37,SIZE,prin_list2,66
0bbffa,2025-06-03 09:00:40,BACK,prin_list2,
2d0195,2025-06-03 09:01:10,SELF,prin_list2,"{c:100,a:6,s:5,clear:4,fun:5,easy:3}"
4abba0,2025-06-03 09:01:11,PICK,prin_list2,
a88f98,2025-06-03 09:01:13,BACK,prin_list2,
56f25e,2025-06-03 09:01:31,DOWN,editor,
7ebdbd,2025-06-03 09:01:32,PICK,editor,
5e1318,2025-06-03 10:23:51,TEST,editor,0
9dcaf2,2025-06-03 10:23:51,SIZE,editor,94
53f574,2025-06-03 10:23:55,TEST,editor,0
9bf298,2025-06-03 10:24:11,TEST,editor,0
054865,2025-06-03 10:24:11,SIZE,editor,94
bc2664,2025-06-03 10:24:44,TEST,editor,0
5731d0,2025-06-03 10:24:44,SIZE,editor,95
094fa3,2025-06-03 10:25:07,TEST,editor,0
77d659,2025-06-03 10:25:07,SIZE,editor,95
d57688,2025-06-03 10:25:26,TEST,editor,0
f8c6c8,2025-06-03 10:25:26,SIZE,editor,95
2b1c0d,2025-06-03 10:30:02,TEST,editor,0
a4870a,2025-06-03 10:30:02,SIZE,editor,93
486074,2025-06-03 23:50:55,OPEN,,
dbf32e,2025-06-03 23:53:30,PICK,editor,
7b0767,2025-06-03 23:53:34,TEST,editor,0
3a1db0,2025-06-03 23:53:50,TEST,editor,0
3f85be,2025-06-03 23:53:50,SIZE,editor,93
e85be9,2025-06-03 23:53:52,TEST,editor,0
6007f1,2025-06-03 23:54:27,TEST,editor,0
5aa8e1,2025-06-03 23:54:27,SIZE,editor,93
133a20,2025-06-03 23:54:59,TEST,editor,0
8a530b,2025-06-03 23:54:59,SIZE,editor,93
a1800c,2025-06-03 23:55:01,TEST,editor,0
f78494,2025-06-03 23:55:40,TEST,editor,0
910c14,2025-06-03 23:55:40,SIZE,editor,94
129421,2025-06-03 23:58:00,TEST,editor,0
9a58cc,2025-06-03 23:58:00,SIZE,editor,97
2afa50,2025-06-03 23:58:02,TEST,editor,0
9bc795,2025-06-04 11:59:51,OPEN,,
9f14c0,2025-06-04 11:59:56,PICK,editor,
9f6ae6,2025-06-04 12:07:13,TEST,editor,0
98136a,2025-06-04 12:07:13,SIZE,editor,99
f37c06,2025-06-04 12:07:24,TEST,editor,0
482410,2025-06-04 12:07:24,SIZE,editor,99
c03604,2025-06-04 12:09:27,TEST,editor,0
a1dcbf,2025-06-04 12:09:27,SIZE,editor,101
8bdeb7,2025-06-04 12:14:01,TEST,editor,0
444b59,2025-06-04 12:14:02,SIZE,editor,145
6ba686,2025-06-04 12:15:59,TEST,editor,0
738538,2025-06-04 12:15:59,SIZE,editor,146
34b56d,2025-06-04 12:16:19,TEST,editor,0
c46fb9,2025-06-04 12:16:19,SIZE,editor,146
5ba501,2025-06-04 12:38:08,TEST,editor,0
6cb192,2025-06-04 12:38:08,SIZE,editor,146
c9785b,2025-06-04 12:38:27,TEST,editor,0
244462,2025-06-04 12:38:27,SIZE,editor,146
71b8db,2025-06-04 12:39:19,TEST,editor,0
d3dfe5,2025-06-04 12:39:19,SIZE,editor,146
bbe7cb,2025-06-04 12:39:31,TEST,editor,0
65b86d,2025-06-04 12:39:31,SIZE,editor,146
1f58a5,2025-06-04 12:39:42,TEST,editor,0
91e915,2025-06-04 12:39:42,SIZE,editor,146
bd4c3f,2025-06-04 12:39:51,TEST,editor,0
e1ed6d,2025-06-04 12:39:51,SIZE,editor,146
3b012a,2025-06-04 12:40:12,TEST,editor,0
cfe281,2025-06-04 12:40:12,SIZE,editor,146
b7f9a2,2025-06-04 12:40:43,TEST,editor,0
7ae42c,2025-06-04 12:40:43,SIZE,editor,147
0441f5,2025-06-04 12:40:50,TEST,editor,0
62d271,2025-06-04 12:40:50,SIZE,editor,147
a0e7e3,2025-06-04 12:46:24,TEST,editor,0
e3e4cb,2025-06-04 12:46:24,SIZE,editor,147
a7f4bb,2025-06-04 12:47:43,TEST,editor,0
580bc7,2025-06-04 12:47:43,SIZE,editor,147
11bf85,2025-06-04 12:48:39,TEST,editor,100
1e5e1a,2025-06-04 12:48:39,SIZE,editor,147
cb6fee,2025-06-04 12:48:41,BACK,editor,
4b8882,2025-06-04 12:48:51,SELF,editor,"{c:100,a:6,s:0,clear:0,fun:0,easy:0}"
d7ea4d,2025-06-04 12:48:58,SELF,editor,"{c:100,a:6,s:5,clear:0,fun:0,easy:0}"
898212,2025-06-04 12:49:04,DOWN,controlz,
7c447e,2025-06-04 12:49:06,PICK,controlz,
4cdfb0,2025-06-04 13:02:19,TEST,controlz,46
83f5cb,2025-06-04 13:02:19,SIZE,controlz,143
f538aa,2025-06-04 13:02:31,BACK,controlz,
41dbc0,2025-06-04 13:02:58,SELF,controlz,"{c:40,a:5,s:3,clear:0,fun:0,easy:0}"
dd3b54,2025-06-04 13:03:22,QUIT,,
465ad9,2025-06-04 13:04:39,OPEN,,
a29408,2025-06-04 13:05:10,DOWN,bufferring,
ff5591,2025-06-04 13:09:44,PICK,bufferring,
577143,2025-06-04 13:10:19,TEST,bufferring,0
e16628,2025-06-04 13:10:19,SIZE,bufferring,110
4345b2,2025-06-04 13:13:20,TEST,bufferring,0
a382aa,2025-06-04 13:13:20,SIZE,bufferring,138
2a000e,2025-06-04 13:13:39,TEST,bufferring,16
bc7070,2025-06-04 13:13:39,SIZE,bufferring,139
6f5ee1,2025-06-04 13:16:19,TEST,bufferring,16
a18b63,2025-06-04 13:16:19,SIZE,bufferring,157
bbfa21,2025-06-04 13:17:45,TEST,bufferring,16
57ed8a,2025-06-04 13:17:45,SIZE,bufferring,158
56de3a,2025-06-04 13:18:56,TEST,bufferring,50
765ea9,2025-06-04 13:18:56,SIZE,bufferring,178
9048f1,2025-06-04 13:19:22,TEST,bufferring,83
408f33,2025-06-04 13:19:22,SIZE,bufferring,178
8f720a,2025-06-04 13:20:14,BACK,bufferring,
b5fd38,2025-06-04 13:20:20,PICK,bufferring,
d19d54,2025-06-04 13:20:22,BACK,bufferring,
9c6a10,2025-06-04 13:20:25,PICK,bufferring,
941929,2025-06-04 13:23:04,TEST,bufferring,16
ecec31,2025-06-04 13:23:04,SIZE,bufferring,190
1e7b5a,2025-06-04 13:23:08,TEST,bufferring,16
debd65,2025-06-04 13:23:13,TEST,bufferring,83
82a4e4,2025-06-04 13:23:13,SIZE,bufferring,190
a35613,2025-06-04 13:25:48,BACK,bufferring,
405914,2025-06-04 13:26:42,SELF,ListaIda,"{c:100,a:0,s:0,clear:0,fun:0,easy:0}"
d2ff33,2025-06-04 13:26:48,SELF,ListalinkadaIdavolta,"{c:100,a:6,s:0,clear:0,fun:0,easy:0}"
6c7ce6,2025-06-04 13:27:04,SELF,ListaIda,"{c:100,a:3,s:3,clear:0,fun:0,easy:0}"
96e29c,2025-06-04 13:27:11,SELF,ListalinkadaIdavolta,"{c:100,a:3,s:0,clear:0,fun:0,easy:0}"
41c728,2025-06-04 13:27:36,PICK,bufferring,
82eda8,2025-06-04 13:27:41,TEST,bufferring,83
df81d5,2025-06-04 13:31:50,TEST,bufferring,83
55476d,2025-06-04 13:32:20,TEST,bufferring,83
3c5794,2025-06-04 13:51:43,TEST,bufferring,100
150ff3,2025-06-04 13:51:43,SIZE,bufferring,190
094874,2025-06-04 13:51:46,BACK,bufferring,
579d3d,2025-06-04 13:51:59,SELF,bufferring,"{c:100,a:6,s:5,clear:0,fun:0,easy:0}"
bd37c6,2025-06-04 13:53:15,QUIT,,
32ddf7,2025-06-06 09:42:07,OPEN,,
a70346,2025-06-06 09:43:16,DOWN,fila_enc,
1b8d0d,2025-06-06 09:43:17,PICK,fila_enc,
b3fe64,2025-06-06 09:45:24,TEST,fila_enc,0
57f697,2025-06-06 09:45:24,SIZE,fila_enc,84
a305e3,2025-06-06 09:45:26,TEST,fila_enc,0
0375e1,2025-06-06 09:48:45,TEST,fila_enc,0
ee5bbb,2025-06-06 09:48:45,SIZE,fila_enc,97
408aba,2025-06-06 09:49:31,TEST,fila_enc,33
3f9736,2025-06-06 09:49:31,SIZE,fila_enc,98
77c0fc,2025-06-06 09:49:42,TEST,fila_enc,0
177176,2025-06-06 09:49:42,SIZE,fila_enc,98
75ab30,2025-06-06 09:49:43,TEST,fila_enc,0
d9b055,2025-06-06 09:49:54,TEST,fila_enc,33
3713cd,2025-06-06 09:49:54,SIZE,fila_enc,98
f1dcbf,2025-06-06 09:53:13,TEST,fila_enc,66
cd6d45,2025-06-06 09:53:13,SIZE,fila_enc,112
2ac819,2025-06-06 09:53:50,TEST,fila_enc,66
c1d882,2025-06-06 09:53:50,SIZE,fila_enc,112
6dcc44,2025-06-06 09:54:07,BACK,fila_enc,
56628d,2025-06-06 09:54:11,PICK,fila_enc,
7198aa,2025-06-06 09:54:16,TEST,fila_enc,66
57e6dd,2025-06-06 09:54:16,SIZE,fila_enc,114
a90bd9,2025-06-06 09:55:57,TEST,fila_enc,0
38780e,2025-06-06 09:55:57,SIZE,fila_enc,121
043627,2025-06-06 09:55:59,TEST,fila_enc,0
fe2454,2025-06-06 09:56:14,TEST,fila_enc,66
0f4afe,2025-06-06 09:56:14,SIZE,fila_enc,121
2cee87,2025-06-06 10:04:59,TEST,fila_enc,66
a1409d,2025-06-06 10:04:59,SIZE,fila_enc,128
71f688,2025-06-06 10:05:25,TEST,fila_enc,0
0066b6,2025-06-06 10:05:25,SIZE,fila_enc,128
b30e2e,2025-06-06 10:06:48,TEST,fila_enc,0
b82cf6,2025-06-06 10:06:48,SIZE,fila_enc,129
1bc64f,2025-06-06 10:06:48,TEST,fila_enc,0
40d996,2025-06-06 10:06:48,SIZE,fila_enc,129
0410db,2025-06-06 10:07:33,TEST,fila_enc,66
712930,2025-06-06 10:07:33,SIZE,fila_enc,129
f5ae40,2025-06-06 10:08:19,TEST,fila_enc,100
29b501,2025-06-06 10:08:19,SIZE,fila_enc,129
8df66d,2025-06-06 10:08:21,BACK,fila_enc,
8b412d,2025-06-06 10:09:07,SELF,fila_enc,"{c:100,a:6,s:5,clear:5,fun:5,easy:5}"
855e34,2025-06-06 10:10:01,DOWN,pilha,
0078fe,2025-06-09 08:10:25,OPEN,,
fc7d6b,2025-06-09 08:10:37,PICK,pilha,
4a91af,2025-06-09 08:12:12,TEST,pilha,0
0175ce,2025-06-09 08:12:12,SIZE,pilha,84
259e91,2025-06-09 08:12:12,TEST,pilha,0
ce6b20,2025-06-09 08:12:12,SIZE,pilha,84
f24bdd,2025-06-09 08:12:32,TEST,pilha,0
75c7c7,2025-06-09 08:12:32,SIZE,pilha,85
4f11b7,2025-06-09 08:16:46,TEST,pilha,0
132189,2025-06-09 08:16:46,SIZE,pilha,87
01de6b,2025-06-09 08:16:56,TEST,pilha,0
b14e28,2025-06-09 08:16:56,SIZE,pilha,87
0330ad,2025-06-09 08:21:33,TEST,pilha,0
9c91fb,2025-06-09 08:21:33,SIZE,pilha,98
92a73f,2025-06-09 08:21:50,TEST,pilha,0
4541c3,2025-06-09 08:21:51,SIZE,pilha,98
d96722,2025-06-09 08:23:14,TEST,pilha,0
528d5a,2025-06-09 08:23:14,SIZE,pilha,101
8548d6,2025-06-09 08:23:40,TEST,pilha,0
54d9bc,2025-06-09 08:23:40,SIZE,pilha,100
c3dbfa,2025-06-09 08:24:04,TEST,pilha,0
f4c141,2025-06-09 08:24:04,SIZE,pilha,100
81769d,2025-06-09 08:24:23,TEST,pilha,0
5d40b9,2025-06-09 08:24:23,SIZE,pilha,99
cc55f0,2025-06-09 08:24:32,TEST,pilha,33
3ec979,2025-06-09 08:24:32,SIZE,pilha,99
4c4381,2025-06-09 08:29:06,TEST,pilha,33
23873a,2025-06-09 08:29:06,SIZE,pilha,109
45b66b,2025-06-09 08:30:07,TEST,pilha,0
023fc8,2025-06-09 08:30:08,SIZE,pilha,109
2c7456,2025-06-09 08:32:34,TEST,pilha,33
830e4e,2025-06-09 08:32:34,SIZE,pilha,111
6fa14a,2025-06-09 08:32:51,TEST,pilha,33
0a07c6,2025-06-09 08:32:51,SIZE,pilha,109
b7c24c,2025-06-09 08:33:54,TEST,pilha,33
ebb409,2025-06-09 08:33:54,SIZE,pilha,109
475fd2,2025-06-09 08:35:59,TEST,pilha,33
9cefd3,2025-06-09 08:35:59,SIZE,pilha,117
91f866,2025-06-09 08:37:54,TEST,pilha,33
511c6a,2025-06-09 08:37:54,SIZE,pilha,119
24492c,2025-06-09 08:39:07,TEST,pilha,33
ebb77a,2025-06-09 08:39:07,SIZE,pilha,120
76442f,2025-06-09 08:39:25,BACK,pilha,
bfc0a6,2025-06-09 08:39:29,PICK,pilha,
7f2cc2,2025-06-09 08:39:40,TEST,pilha,33
0286b2,2025-06-09 08:40:24,TEST,pilha,33
5fb282,2025-06-09 08:40:24,SIZE,pilha,120
d7734e,2025-06-09 08:42:05,TEST,pilha,33
852f10,2025-06-09 08:42:05,SIZE,pilha,120
daaa3e,2025-06-09 08:42:47,TEST,pilha,0
458a05,2025-06-09 08:42:47,SIZE,pilha,120
ca0dee,2025-06-09 08:43:05,TEST,pilha,33
4a48de,2025-06-09 08:43:05,SIZE,pilha,120
33b1dd,2025-06-09 08:43:46,TEST,pilha,66
597428,2025-06-09 08:43:46,SIZE,pilha,120
cb7e64,2025-06-09 08:43:50,TEST,pilha,66
87b8f3,2025-06-09 08:46:23,TEST,pilha,66
8d3c21,2025-06-09 08:46:23,SIZE,pilha,121
c04a70,2025-06-09 08:47:10,TEST,pilha,33
525dfa,2025-06-09 08:47:10,SIZE,pilha,121
4653d0,2025-06-09 08:47:24,TEST,pilha,66
6c0023,2025-06-09 08:47:24,SIZE,pilha,121
b01151,2025-06-09 08:47:25,TEST,pilha,66
00cdfb,2025-06-09 08:48:39,TEST,pilha,66
2969d9,2025-06-09 08:48:39,SIZE,pilha,121
23ac79,2025-06-09 08:48:55,TEST,pilha,66
897f08,2025-06-09 08:48:55,SIZE,pilha,121
6a5a11,2025-06-09 08:49:27,TEST,pilha,66
07cb1a,2025-06-09 08:49:27,SIZE,pilha,121
cb2843,2025-06-09 08:49:42,TEST,pilha,66
29eefa,2025-06-09 08:49:42,SIZE,pilha,121
f6be1f,2025-06-09 08:50:14,TEST,pilha,66
22a926,2025-06-09 08:50:14,SIZE,pilha,121
589ac8,2025-06-09 08:50:35,TEST,pilha,66
f80b6e,2025-06-09 08:50:35,SIZE,pilha,121
16a861,2025-06-09 08:51:39,OPEN,,
7bfa9b,2025-06-09 08:51:43,PICK,pilha,
636210,2025-06-09 08:51:47,TEST,pilha,66
8ee8ad,2025-06-09 09:03:18,TEST,pilha,0
ca762f,2025-06-09 09:03:18,SIZE,pilha,122
2cf7b3,2025-06-09 09:03:23,TEST,pilha,66
61bf71,2025-06-09 09:03:45,TEST,pilha,0
2d00cf,2025-06-09 09:03:45,SIZE,pilha,122
b47378,2025-06-09 09:03:48,TEST,pilha,100
5c053c,2025-06-09 09:03:52,TEST,pilha,100
2aa7fd,2025-06-09 09:03:53,BACK,pilha,
2be195,2025-06-09 09:04:06,SELF,pilha,"{c:100,a:6,s:5,clear:5,fun:5,easy:5}"
069e3d,2025-06-09 09:05:24,DOWN,queimando,
b16d86,2025-06-09 09:05:25,PICK,queimando,
f20922,2025-06-09 09:05:29,BACK,queimando,
cc2a9e,2025-06-09 09:43:40,QUIT,,
43531f,2025-06-11 18:50:30,OPEN,,
5e26c6,2025-06-11 18:50:58,QUIT,,
ef00f1,2025-06-11 18:51:06,OPEN,,
1f26de,2025-06-11 18:51:28,QUIT,,
d1eaf9,2025-06-11 18:52:07,OPEN,,
b34543,2025-06-11 18:52:25,DOWN,chaves,
61eab0,2025-06-11 18:57:19,PICK,chaves,
ad1b8f,2025-06-11 18:57:20,TEST,chaves,0
0254f7,2025-06-11 18:57:20,SIZE,chaves,63
acd16c,2025-06-11 18:57:22,TEST,chaves,0
59de1a,2025-06-11 18:57:53,TEST,chaves,0
9cf1c5,2025-06-11 18:57:53,SIZE,chaves,52
ab3d61,2025-06-11 18:58:00,TEST,chaves,0
7c6d99,2025-06-11 19:28:55,TEST,chaves,0
03ccd8,2025-06-11 19:28:55,SIZE,chaves,91
7df0bd,2025-06-11 19:29:02,TEST,chaves,0
e07854,2025-06-11 19:29:50,TEST,chaves,0
ce9c9f,2025-06-11 19:29:50,SIZE,chaves,92
a2f953,2025-06-11 19:29:56,TEST,chaves,0
9f32fc,2025-06-11 19:30:13,BACK,chaves,
f5c075,2025-06-14 17:25:35,OPEN,,
126cad,2025-06-14 17:30:09,PICK,chaves,
e35324,2025-06-14 17:30:12,TEST,chaves,0
556624,2025-06-14 17:30:17,TEST,chaves,0
ff592e,2025-06-14 17:31:00,TEST,chaves,0
eee700,2025-06-14 17:31:00,SIZE,chaves,94
cd7003,2025-06-14 17:31:05,TEST,chaves,100
f39f54,2025-06-14 17:31:11,BACK,chaves,
e1c922,2025-06-14 17:31:29,SELF,chaves,"{c:100,a:6,s:5,clear:5,fun:5,easy:4}"
72396f,2025-06-14 17:31:47,DOWN,serial,
b0376d,2025-06-14 17:32:07,PICK,apagando,
ff332f,2025-06-14 17:32:12,TEST,apagando,100
9ba8d7,2025-06-14 17:32:13,BACK,apagando,
ebe58b,2025-06-14 17:32:42,SELF,gomos,"{c:100,a:6,s:5,clear:4,fun:4,easy:4}"
950468,2025-06-14 17:33:04,PICK,triangulo,
858b68,2025-06-14 17:33:07,TEST,triangulo,100
8c94f2,2025-06-14 17:33:08,BACK,triangulo,
a86d51,2025-06-14 17:33:15,SELF,triangulo,"{c:100,a:6,s:5,clear:4,fun:5,easy:4}"
c80d5d,2025-06-14 17:33:15,PICK,triangulo,
6dbe1b,2025-06-14 17:33:17,TEST,triangulo,100
2b9efe,2025-06-14 17:33:17,BACK,triangulo,
5c942e,2025-06-14 17:33:38,SELF,resto,"{c:100,a:6,s:5,clear:5,fun:4,easy:5}"
6b0c02,2025-06-14 17:33:49,SELF,treinando,"{c:100,a:6,s:5,clear:4,fun:4,easy:2}"
850da5,2025-06-14 17:34:01,QUIT,,
a04337,2025-06-14 17:39:26,OPEN,,
f2dcdc,2025-06-14 17:47:56,PICK,serial,
488c55,2025-06-14 18:18:30,TEST,serial,0
2086a3,2025-06-14 18:18:30,SIZE,serial,24
d21fca,2025-06-14 18:18:34,TEST,serial,0
70f342,2025-06-14 18:28:43,TEST,serial,0
99bcb2,2025-06-14 18:28:43,SIZE,serial,70
aa2325,2025-06-17 09:59:17,OPEN,,
aa2347,2025-06-17 10:00:16,QUIT,,
24f814,2025-06-17 10:04:24,OPEN,,
fd1b72,2025-06-17 10:05:13,QUIT,,
f6d414,2025-06-17 10:14:20,OPEN,,
8003aa,2025-06-17 10:14:27,PICK,serial,
8b1753,2025-06-17 10:14:29,TEST,serial,0
176269,2025-06-17 10:14:29,SIZE,serial,75
fa7111,2025-06-17 10:14:32,TEST,serial,0
fe754f,2025-06-17 10:16:02,TEST,serial,0
5931e0,2025-06-17 10:16:02,SIZE,serial,83
72952d,2025-06-17 10:29:54,BACK,serial,
3c5156,2025-06-17 10:41:26,SELF,sudoku,"{c:80,a:2,s:2,clear:0,fun:0,easy:0}"
2a2461,2025-06-17 10:41:47,SELF,distancia,"{c:100,a:4,s:4,clear:4,fun:4,easy:2}"
15dabe,2025-06-17 11:15:59,PICK,queimada,
71c5b6,2025-06-17 11:16:53,TEST,queimada,0
8276ea,2025-06-17 11:16:53,SIZE,queimada,55
136bc2,2025-06-17 11:16:57,TEST,queimada,100
882b37,2025-06-17 11:20:41,BACK,queimada,
878a1a,2025-06-17 22:22:45,OPEN,,
25ba43,2025-06-17 22:23:05,DOWN,caminho,
597c84,2025-06-17 22:23:28,PICK,serial,
1ebf8a,2025-06-17 22:23:53,TEST,serial,0
b4eebe,2025-06-17 22:23:55,TEST,serial,0
70f582,2025-06-17 22:23:57,TEST,serial,0
c478d2,2025-06-17 22:23:57,BACK,serial,
91b317,2025-06-17 22:24:01,QUIT,,
ae109b,2025-06-17 22:24:05,OPEN,,
6d4073,2025-06-17 22:24:17,DOWN,escada,
f67583,2025-06-17 22:24:33,PICK,escada,
32eb16,2025-06-18 10:29:08,OPEN,,
378e61,2025-06-18 10:33:58,PICK,escada,
bc768b,2025-06-18 10:34:02,BACK,escada,
3f34ba,2025-06-18 10:34:12,PICK,serial,
e21960,2025-06-18 10:34:36,BACK,serial,
316a2b,2025-06-18 10:34:39,DOWN,serial,
241d1e,2025-06-18 10:34:41,PICK,serial,
cabf9d,2025-06-18 10:37:13,BACK,serial,
9bc064,2025-06-18 10:48:56,PICK,sudoku,
d0f27e,2025-06-18 10:48:58,TEST,sudoku,0
8ea9e3,2025-06-18 10:49:05,TEST,sudoku,80
db1b83,2025-06-18 10:49:50,BACK,sudoku,
a269a4,2025-06-18 11:20:17,PICK,serial,
612104,2025-06-18 11:21:43,TEST,serial,0
900cd3,2025-06-18 11:21:43,SIZE,serial,34
8bf117,2025-06-18 22:22:22,OPEN,,
896025,2025-06-18 22:25:06,PICK,escada,
e3945a,2025-06-18 22:25:07,TEST,escada,0
47f490,2025-06-18 22:25:07,SIZE,escada,22
9f308b,2025-06-18 22:25:11,TEST,escada,3
73abf3,2025-06-18 22:25:18,TEST,escada,3
3d8aa5,2025-06-18 22:30:50,TEST,escada,3
4be45a,2025-06-18 22:30:50,SIZE,escada,31
76a4e6,2025-06-18 22:31:41,TEST,escada,13
efb1a5,2025-06-18 22:31:41,SIZE,escada,27
0e8557,2025-06-18 22:32:00,TEST,escada,6
cae8a6,2025-06-18 22:32:00,SIZE,escada,27
ea1d44,2025-06-18 22:32:09,TEST,escada,6
4c5c53,2025-06-18 22:36:46,TEST,escada,6
65f1a2,2025-06-18 22:36:46,SIZE,escada,25
69ea86,2025-06-18 22:37:17,TEST,escada,100
586eb9,2025-06-18 22:37:17,SIZE,escada,28
5aad45,2025-06-18 22:37:19,BACK,escada,
238324,2025-06-18 22:37:34,SELF,escada,"{c:100,a:6,s:5,clear:5,fun:5,easy:5}"
19b17e,2025-06-18 22:37:59,SELF,escada,"{c:100,a:6,s:5,clear:5,fun:5,easy:5}"
8e5805,2025-06-18 22:44:31,QUIT,,
f15bee,2025-06-18 22:45:36,OPEN,,
fcb6ce,2025-06-18 22:45:46,DOWN,serial,
ee89b9,2025-06-18 22:45:47,PICK,serial,
03b3f2,2025-06-18 22:58:23,TEST,serial,0
b0ad81,2025-06-18 22:58:23,SIZE,serial,25
e0fb12,2025-06-18 22:58:25,TEST,serial,0
66f50d,2025-06-18 22:58:25,BACK,serial,
bcca4a,2025-06-18 22:58:25,QUIT,,
9bfded,2025-06-18 22:58:29,OPEN,,
a8e972,2025-06-18 22:58:31,PICK,serial,
3ce40c,2025-06-18 22:58:34,TEST,serial,0
a120f5,2025-06-24 01:09:10,OPEN,,
